,TF,Target,Label
0,2,175,0
1,2,1109,0
2,2,677,0
3,2,733,1
4,2,391,0
5,2,883,0
6,2,1139,0
7,2,1093,0
8,2,476,0
9,2,1072,1
10,2,710,0
11,2,63,0
12,2,1033,0
13,2,385,1
14,2,955,0
15,2,714,0
16,2,1381,0
17,2,1379,1
18,2,221,0
19,2,480,0
20,2,1355,0
21,2,366,1
22,2,844,0
23,2,109,1
24,2,364,1
25,2,995,0
26,2,1023,0
27,2,504,0
28,2,727,0
29,2,184,0
30,2,739,0
31,2,396,0
32,2,378,0
33,2,298,0
34,2,597,1
35,2,450,1
36,2,55,0
37,2,1166,0
38,2,825,0
39,2,1314,0
40,2,954,1
41,2,656,1
42,2,1044,0
43,2,26,0
44,2,1172,1
45,2,1369,1
46,2,95,1
47,2,264,0
48,2,308,0
49,2,1076,0
50,2,991,1
51,2,1278,0
52,2,855,0
53,2,618,0
54,2,1233,0
55,2,177,0
56,2,416,0
57,2,1178,0
58,2,824,0
59,2,1230,0
60,2,1235,0
61,2,440,0
62,2,30,1
63,2,826,0
64,2,1364,1
65,2,462,0
66,2,946,0
67,2,1313,1
68,2,424,1
69,2,1231,1
70,2,763,0
71,2,338,0
72,2,220,0
73,2,896,0
74,2,384,0
75,2,339,0
76,2,228,0
77,2,278,0
78,2,633,0
79,2,17,0
80,2,1285,0
81,2,1374,0
82,2,1263,0
83,2,1163,1
84,2,1408,0
85,2,963,0
86,2,1292,0
87,2,255,0
88,2,532,0
89,2,211,0
90,2,117,0
91,2,952,0
92,2,806,0
93,2,215,1
94,2,304,0
95,2,1160,0
96,2,992,0
97,2,328,0
98,2,1151,1
99,2,1061,0
100,2,1077,0
101,2,453,0
102,2,349,0
103,2,935,1
104,2,584,0
105,2,951,1
106,2,778,1
107,2,888,0
108,2,229,0
109,2,758,1
110,2,393,1
111,2,846,0
112,2,1372,0
113,2,115,1
114,2,1200,0
115,2,1261,0
116,2,89,0
117,2,92,0
118,2,1168,0
119,2,837,1
120,2,968,0
121,2,108,0
122,2,530,0
123,2,380,0
124,2,860,1
125,2,1406,0
126,2,1288,0
127,2,502,0
128,2,1154,0
129,2,500,0
130,2,1225,0
131,2,832,0
132,2,821,0
133,2,719,0
134,2,83,1
135,2,802,0
136,2,1122,1
137,2,1201,0
138,2,284,1
139,2,988,0
140,2,78,0
141,2,320,0
142,2,814,0
143,2,994,0
144,2,1229,0
145,2,401,0
146,2,163,0
147,2,957,0
148,2,69,0
149,2,171,0
150,2,191,0
151,2,921,0
152,2,927,0
153,2,256,1
154,2,646,0
155,2,1331,0
156,2,1048,1
157,2,406,0
158,2,852,0
159,2,568,0
160,2,540,0
161,2,737,0
162,2,979,0
163,2,1224,0
164,2,820,0
165,2,1159,0
166,2,164,0
167,2,1108,0
168,2,1203,0
169,2,943,0
170,2,253,0
171,2,387,0
172,2,792,0
173,2,137,0
174,2,1325,0
175,2,1017,0
176,2,691,0
177,2,439,0
178,2,469,1
179,2,1091,0
180,2,1332,0
181,2,610,0
182,2,761,0
183,2,1260,0
184,2,158,0
185,2,237,1
186,2,930,0
187,2,564,0
188,70,923,0
189,70,404,1
190,70,583,0
191,70,871,1
192,70,752,1
193,70,639,1
194,70,1065,1
195,70,931,0
196,70,825,1
197,70,918,1
198,70,1038,1
199,70,1091,1
200,70,203,1
201,70,1141,1
202,70,1168,0
203,70,511,1
204,70,1018,1
205,70,302,1
206,70,770,1
207,70,703,1
208,70,79,1
209,70,584,1
210,70,383,1
211,70,1201,1
212,70,74,1
213,70,52,1
214,70,821,1
215,70,1133,0
216,70,345,1
217,70,27,1
218,70,18,1
219,70,657,0
220,70,1152,1
221,70,1317,1
222,70,1323,1
223,70,212,1
224,70,100,0
225,70,403,1
226,70,935,1
227,70,249,1
228,70,948,1
229,70,341,1
230,70,156,1
231,70,1046,1
232,70,332,1
233,70,729,0
234,70,48,0
235,70,810,1
236,70,780,1
237,70,686,1
238,70,814,1
239,70,961,1
240,70,600,1
241,70,477,1
242,70,555,1
243,70,507,1
244,70,166,1
245,70,1026,1
246,70,783,1
247,70,1057,1
248,70,740,1
249,70,1170,0
250,70,1265,0
251,70,1222,1
252,70,992,0
253,70,427,1
254,70,268,1
255,70,1248,1
256,70,330,1
257,70,1344,1
258,70,561,1
259,70,335,1
260,70,872,1
261,70,94,0
262,70,786,1
263,70,22,1
264,70,840,0
265,70,893,1
266,70,387,1
267,70,1221,1
268,70,1335,1
269,70,205,0
270,70,233,1
271,70,14,0
272,70,1147,1
273,70,77,1
274,70,479,1
275,70,713,1
276,70,336,1
277,70,482,1
278,70,538,1
279,70,599,1
280,70,87,1
281,70,635,1
282,70,407,1
283,70,688,1
284,70,850,1
285,70,374,1
286,70,1179,1
287,70,1155,0
288,70,1056,1
289,70,1371,1
290,70,947,1
291,70,1000,1
292,70,305,1
293,70,670,1
294,70,127,1
295,70,563,1
296,70,1068,1
297,70,68,1
298,70,921,1
299,70,848,1
300,70,102,1
301,70,291,1
302,70,73,1
303,70,689,1
304,70,168,1
305,70,645,1
306,70,1012,0
307,70,682,1
308,70,974,0
309,70,1098,1
310,70,1384,1
311,70,1376,0
312,70,812,1
313,70,1359,1
314,70,524,1
315,70,573,1
316,70,842,1
317,70,889,1
318,70,32,1
319,70,875,1
320,70,1247,1
321,70,575,0
322,70,718,1
323,70,390,0
324,70,1153,1
325,70,1328,0
326,70,425,1
327,70,1083,0
328,70,54,1
329,70,696,1
330,70,517,1
331,70,1360,1
332,70,1009,0
333,70,188,0
334,70,1205,1
335,70,1218,1
336,70,299,1
337,70,116,1
338,70,801,0
339,70,1217,1
340,70,919,1
341,70,1070,1
342,70,605,0
343,70,944,1
344,70,1282,1
345,70,1298,1
346,70,1342,1
347,70,444,1
348,70,1024,0
349,70,134,1
350,70,234,1
351,70,1092,1
352,70,811,1
353,70,56,1
354,70,261,1
355,70,933,1
356,70,1196,1
357,70,1357,1
358,70,852,0
359,70,523,1
360,70,572,1
361,70,377,1
362,70,1215,1
363,70,1232,0
364,70,1148,1
365,70,208,1
366,70,311,1
367,70,1190,1
368,70,317,1
369,70,982,1
370,70,966,1
371,70,129,1
372,70,1049,1
373,70,184,1
374,70,1029,0
375,70,1243,1
376,110,252,0
377,110,134,0
378,110,1028,0
379,110,1087,0
380,110,1287,0
381,110,615,0
382,110,638,0
383,110,679,0
384,110,588,0
385,110,614,0
386,110,709,0
387,110,184,0
388,110,1323,0
389,110,559,0
390,110,900,0
391,110,1076,0
392,110,389,0
393,110,370,0
394,110,1357,0
395,110,1218,1
396,110,345,1
397,110,1068,0
398,110,318,0
399,110,1348,0
400,110,278,0
401,110,58,0
402,110,13,0
403,110,1301,0
404,110,838,0
405,110,661,0
406,110,1204,0
407,110,354,0
408,110,953,0
409,110,843,0
410,110,1275,0
411,110,656,0
412,110,1105,0
413,110,885,0
414,110,51,0
415,110,50,0
416,110,854,0
417,110,598,0
418,110,459,1
419,110,1302,0
420,110,140,0
421,110,1399,0
422,110,1097,0
423,110,1052,0
424,110,865,0
425,110,139,0
426,110,1376,0
427,110,1091,0
428,110,581,0
429,110,496,0
430,110,206,0
431,110,300,0
432,110,382,0
433,110,913,1
434,110,229,0
435,110,467,0
436,110,1035,0
437,110,706,0
438,110,287,0
439,110,36,0
440,110,693,0
441,110,106,0
442,110,1119,0
443,110,749,0
444,110,169,0
445,110,1126,0
446,110,590,0
447,110,507,1
448,110,905,0
449,110,359,0
450,110,1045,0
451,110,377,0
452,110,711,1
453,110,1013,0
454,110,1222,1
455,110,1276,0
456,110,596,0
457,110,429,0
458,110,826,0
459,110,697,0
460,110,1069,0
461,110,161,0
462,110,1027,0
463,110,340,0
464,110,1104,0
465,110,760,0
466,110,988,0
467,110,196,1
468,110,958,0
469,110,759,0
470,110,420,0
471,110,1320,0
472,110,1328,0
473,110,188,0
474,110,337,0
475,110,608,0
476,110,685,0
477,110,1089,0
478,110,786,0
479,110,741,0
480,110,3,0
481,110,1256,0
482,110,1161,0
483,110,552,0
484,110,149,0
485,110,699,0
486,110,494,0
487,110,1128,0
488,110,506,0
489,110,1078,0
490,110,1149,0
491,110,1148,0
492,110,1306,0
493,110,1330,0
494,110,514,0
495,110,1015,0
496,110,93,0
497,110,70,0
498,110,127,0
499,110,248,0
500,110,94,0
501,110,452,0
502,110,761,0
503,110,961,0
504,110,174,0
505,110,65,0
506,110,893,0
507,110,941,0
508,110,1304,0
509,110,132,0
510,110,718,0
511,110,701,0
512,110,944,0
513,110,1099,0
514,110,1281,0
515,110,1384,0
516,110,1401,0
517,110,692,0
518,110,1074,0
519,110,1259,0
520,110,191,1
521,110,1260,0
522,110,1160,0
523,110,417,0
524,110,777,0
525,110,1007,0
526,110,856,0
527,110,1300,0
528,110,1294,0
529,110,991,0
530,110,736,0
531,110,1381,0
532,110,1374,0
533,110,91,0
534,110,705,0
535,110,1208,1
536,110,312,0
537,110,715,0
538,110,894,0
539,110,568,0
540,110,853,0
541,110,1058,0
542,110,413,0
543,110,483,0
544,110,250,0
545,110,978,0
546,110,257,0
547,110,1315,0
548,110,509,0
549,110,27,0
550,110,635,0
551,110,1061,0
552,110,380,0
553,110,959,0
554,110,848,0
555,110,970,0
556,110,129,0
557,110,1088,0
558,110,347,0
559,110,664,0
560,110,363,0
561,110,906,0
562,110,1270,0
563,110,999,0
564,158,874,0
565,158,47,0
566,158,777,1
567,158,909,1
568,158,1246,0
569,158,940,0
570,158,206,0
571,158,401,0
572,158,1332,0
573,158,941,0
574,158,983,0
575,158,75,0
576,158,1105,0
577,158,225,0
578,158,349,0
579,158,716,0
580,158,546,0
581,158,790,0
582,158,184,0
583,158,306,0
584,158,96,0
585,158,226,0
586,158,804,0
587,158,899,0
588,158,274,0
589,158,373,0
590,158,34,0
591,158,587,0
592,158,1394,0
593,158,375,0
594,158,324,0
595,158,351,0
596,158,248,0
597,158,508,0
598,158,795,0
599,158,245,0
600,158,1300,0
601,158,1340,0
602,158,824,0
603,158,749,0
604,158,464,0
605,158,919,0
606,158,823,0
607,158,1292,0
608,158,392,0
609,158,533,0
610,158,634,1
611,158,893,0
612,158,1134,0
613,158,1177,0
614,158,1108,0
615,158,196,0
616,158,1124,0
617,158,1291,0
618,158,64,0
619,158,178,0
620,158,630,0
621,158,143,0
622,158,434,0
623,158,1336,0
624,158,1310,0
625,158,186,0
626,158,837,0
627,158,832,0
628,158,211,0
629,158,739,0
630,158,251,0
631,158,104,0
632,158,1075,0
633,158,488,0
634,158,1094,0
635,158,771,0
636,158,1129,0
637,158,876,0
638,158,783,0
639,158,389,0
640,158,173,1
641,158,583,0
642,158,1090,0
643,158,799,0
644,158,217,0
645,158,810,0
646,158,275,0
647,158,140,0
648,158,368,0
649,158,1170,0
650,158,485,0
651,158,714,0
652,158,547,0
653,158,172,0
654,158,258,0
655,158,69,0
656,158,618,0
657,158,1086,0
658,158,825,0
659,158,1132,0
660,158,917,0
661,158,975,0
662,158,232,0
663,158,622,0
664,158,1020,0
665,158,429,0
666,158,1402,0
667,158,1267,0
668,158,1034,0
669,158,360,0
670,158,971,0
671,158,424,0
672,158,136,0
673,158,93,0
674,158,489,0
675,158,849,0
676,158,50,0
677,158,408,0
678,158,270,1
679,158,397,0
680,158,887,1
681,158,1076,0
682,158,1097,0
683,158,336,0
684,158,1233,0
685,158,415,0
686,158,677,0
687,158,359,0
688,158,183,0
689,158,1269,0
690,158,426,0
691,158,591,0
692,158,222,0
693,158,409,0
694,158,1161,0
695,158,1127,0
696,158,4,0
697,158,786,0
698,158,1088,0
699,158,555,0
700,158,699,0
701,158,980,0
702,158,330,0
703,158,788,0
704,158,159,0
705,158,36,0
706,158,569,0
707,158,29,0
708,158,282,0
709,158,937,0
710,158,249,1
711,158,117,1
712,158,818,0
713,158,402,0
714,158,1167,0
715,158,168,0
716,158,956,0
717,158,645,0
718,158,1032,0
719,158,411,0
720,158,1384,1
721,158,933,0
722,158,797,0
723,158,148,0
724,158,60,0
725,158,626,0
726,158,473,0
727,158,1265,0
728,158,313,0
729,158,826,0
730,158,53,0
731,158,265,1
732,158,151,0
733,158,798,0
734,158,648,0
735,158,268,0
736,158,1013,0
737,158,1349,0
738,158,153,0
739,158,299,0
740,158,938,0
741,158,1133,0
742,158,1205,0
743,158,888,0
744,158,782,0
745,158,516,0
746,158,393,0
747,158,814,0
748,158,912,0
749,158,95,0
750,158,1302,0
751,158,621,0
752,201,85,0
753,201,922,0
754,201,936,0
755,201,604,0
756,201,470,0
757,201,226,0
758,201,334,0
759,201,234,0
760,201,425,0
761,201,813,0
762,201,1129,0
763,201,953,0
764,201,599,0
765,201,1358,0
766,201,947,0
767,201,108,0
768,201,439,0
769,201,971,0
770,201,913,0
771,201,823,0
772,201,585,0
773,201,733,0
774,201,497,0
775,201,806,0
776,201,1059,0
777,201,1008,0
778,201,854,0
779,201,55,0
780,201,246,0
781,201,287,0
782,201,1013,0
783,201,1307,0
784,201,82,0
785,201,235,0
786,201,87,0
787,201,1390,0
788,201,274,0
789,201,550,0
790,201,1044,0
791,201,380,0
792,201,215,0
793,201,161,0
794,201,1020,0
795,201,222,0
796,201,696,0
797,201,723,0
798,201,605,0
799,201,1196,0
800,201,1265,0
801,201,597,0
802,201,905,0
803,201,986,0
804,201,1088,0
805,201,341,0
806,201,951,0
807,201,879,0
808,201,708,0
809,201,133,0
810,201,577,0
811,201,1293,0
812,201,48,0
813,201,7,0
814,201,69,0
815,201,619,0
816,201,670,0
817,201,852,0
818,201,296,0
819,201,41,0
820,201,95,0
821,201,1370,0
822,201,304,0
823,201,34,0
824,201,819,0
825,201,490,0
826,201,1083,0
827,201,1308,0
828,201,190,0
829,201,1018,0
830,201,960,0
831,201,568,0
832,201,1342,0
833,201,68,0
834,201,891,0
835,201,671,0
836,201,1068,0
837,201,522,0
838,201,348,0
839,201,981,0
840,201,697,0
841,201,996,0
842,201,324,0
843,201,1329,0
844,201,621,0
845,201,107,0
846,201,681,0
847,201,370,0
848,201,693,0
849,201,937,0
850,201,1214,0
851,201,1326,0
852,201,713,0
853,201,135,0
854,201,1355,0
855,201,978,0
856,201,47,0
857,201,1078,0
858,201,12,0
859,201,1278,0
860,201,618,0
861,201,612,0
862,201,593,0
863,201,1023,0
864,201,1400,0
865,201,18,0
866,201,985,0
867,201,589,0
868,201,574,0
869,201,1377,0
870,201,592,0
871,201,783,0
872,201,1200,0
873,201,1164,0
874,201,800,0
875,201,1219,0
876,201,1123,1
877,201,251,0
878,201,14,0
879,201,808,0
880,201,225,1
881,201,1014,0
882,201,744,0
883,201,448,0
884,201,788,0
885,201,98,0
886,201,1402,0
887,201,359,0
888,201,307,0
889,201,944,0
890,201,1112,0
891,201,765,0
892,201,129,0
893,201,969,0
894,201,1244,0
895,201,1231,0
896,201,1203,0
897,201,832,0
898,201,1224,0
899,201,432,0
900,201,514,0
901,201,1389,0
902,201,1247,0
903,201,1349,0
904,201,524,0
905,201,248,0
906,201,275,0
907,201,405,0
908,201,963,0
909,201,340,0
910,201,680,0
911,201,457,0
912,201,436,0
913,201,523,0
914,201,614,0
915,201,762,1
916,201,533,0
917,201,781,0
918,201,438,0
919,201,349,0
920,201,582,0
921,201,1310,0
922,201,1291,0
923,201,1223,0
924,201,536,0
925,201,1024,0
926,201,58,0
927,201,105,0
928,201,1336,0
929,201,379,0
930,201,651,0
931,201,1267,0
932,201,216,0
933,201,1091,0
934,201,206,0
935,201,900,0
936,201,96,0
937,201,1043,0
938,201,586,0
939,201,746,0
940,234,347,0
941,234,780,0
942,234,823,0
943,234,989,0
944,234,1145,0
945,234,412,0
946,234,1138,0
947,234,1124,0
948,234,1108,0
949,234,978,0
950,234,461,0
951,234,77,0
952,234,505,0
953,234,435,0
954,234,310,0
955,234,4,0
956,234,243,0
957,234,50,0
958,234,765,0
959,234,1182,0
960,234,481,0
961,234,479,0
962,234,806,0
963,234,70,0
964,234,880,0
965,234,1406,0
966,234,1320,0
967,234,257,0
968,234,1240,0
969,234,844,0
970,234,156,0
971,234,583,0
972,234,515,0
973,234,401,0
974,234,1140,0
975,234,1141,0
976,234,500,0
977,234,788,0
978,234,815,0
979,234,569,0
980,234,579,0
981,234,1200,0
982,234,688,0
983,234,346,0
984,234,211,0
985,234,1050,0
986,234,170,0
987,234,454,0
988,234,487,0
989,234,95,0
990,234,274,0
991,234,250,0
992,234,764,0
993,234,1049,0
994,234,112,0
995,234,1109,0
996,234,1154,0
997,234,1222,0
998,234,79,0
999,234,991,0
1000,234,490,0
1001,234,1213,0
1002,234,146,0
1003,234,594,0
1004,234,109,0
1005,234,1112,0
1006,234,186,0
1007,234,874,0
1008,234,447,0
1009,234,1036,0
1010,234,534,0
1011,234,1248,0
1012,234,595,0
1013,234,1052,0
1014,234,1339,0
1015,234,189,0
1016,234,1397,0
1017,234,936,0
1018,234,1123,0
1019,234,295,0
1020,234,191,0
1021,234,266,0
1022,234,737,0
1023,234,225,0
1024,234,774,0
1025,234,911,0
1026,234,834,0
1027,234,839,0
1028,234,769,0
1029,234,1198,0
1030,234,281,0
1031,234,1338,0
1032,234,524,0
1033,234,1120,0
1034,234,766,0
1035,234,678,0
1036,234,428,0
1037,234,1355,0
1038,234,1102,0
1039,234,1404,0
1040,234,469,0
1041,234,54,0
1042,234,1002,0
1043,234,152,0
1044,234,283,0
1045,234,658,0
1046,234,1328,0
1047,234,721,0
1048,234,1105,0
1049,234,886,0
1050,234,990,0
1051,234,451,0
1052,234,458,0
1053,234,611,0
1054,234,1014,0
1055,234,252,0
1056,234,1005,0
1057,234,1177,0
1058,234,80,0
1059,234,314,0
1060,234,1253,0
1061,234,232,0
1062,234,673,0
1063,234,418,0
1064,234,129,0
1065,234,538,0
1066,234,1060,0
1067,234,233,0
1068,234,352,0
1069,234,1346,0
1070,234,474,0
1071,234,752,0
1072,234,868,0
1073,234,1055,0
1074,234,273,0
1075,234,599,0
1076,234,1111,0
1077,234,792,0
1078,234,705,0
1079,234,671,0
1080,234,163,0
1081,234,190,0
1082,234,1372,0
1083,234,1403,0
1084,234,888,0
1085,234,1114,0
1086,234,697,0
1087,234,858,0
1088,234,489,0
1089,234,1335,0
1090,234,540,0
1091,234,18,0
1092,234,650,0
1093,234,743,0
1094,234,1384,0
1095,234,351,0
1096,234,961,0
1097,234,623,0
1098,234,1256,0
1099,234,1171,0
1100,234,639,0
1101,234,860,0
1102,234,237,0
1103,234,920,0
1104,234,870,0
1105,234,535,0
1106,234,1289,0
1107,234,1095,0
1108,234,457,0
1109,234,704,0
1110,234,598,0
1111,234,1356,0
1112,234,1073,0
1113,234,707,0
1114,234,835,0
1115,234,174,0
1116,234,882,0
1117,234,228,0
1118,234,842,0
1119,234,450,0
1120,234,363,0
1121,234,1332,0
1122,234,1035,0
1123,234,337,0
1124,234,1395,0
1125,234,87,0
1126,234,279,0
1127,234,1101,0
1128,242,943,0
1129,242,764,0
1130,242,305,0
1131,242,224,1
1132,242,582,0
1133,242,752,0
1134,242,1397,0
1135,242,1071,1
1136,242,661,0
1137,242,1263,0
1138,242,722,0
1139,242,699,0
1140,242,841,0
1141,242,576,0
1142,242,1008,0
1143,242,1066,1
1144,242,1331,0
1145,242,303,0
1146,242,1261,0
1147,242,29,0
1148,242,987,0
1149,242,1138,0
1150,242,1152,0
1151,242,523,0
1152,242,340,0
1153,242,584,0
1154,242,416,0
1155,242,988,0
1156,242,884,1
1157,242,372,0
1158,242,1388,0
1159,242,178,0
1160,242,1004,1
1161,242,1406,0
1162,242,730,0
1163,242,1090,0
1164,242,992,1
1165,242,1045,0
1166,242,406,0
1167,242,814,0
1168,242,1167,0
1169,242,721,0
1170,242,402,0
1171,242,133,0
1172,242,115,0
1173,242,1114,0
1174,242,239,0
1175,242,223,0
1176,242,636,0
1177,242,63,0
1178,242,854,1
1179,242,623,0
1180,242,295,0
1181,242,1094,0
1182,242,1127,0
1183,242,766,0
1184,242,698,0
1185,242,512,0
1186,242,1109,0
1187,242,510,0
1188,242,399,0
1189,242,1234,0
1190,242,890,0
1191,242,180,0
1192,242,1164,0
1193,242,283,0
1194,242,1174,0
1195,242,1276,0
1196,242,1172,0
1197,242,1283,0
1198,242,1057,0
1199,242,558,0
1200,242,507,0
1201,242,1125,0
1202,242,1351,0
1203,242,1161,0
1204,242,798,0
1205,242,535,0
1206,242,312,0
1207,242,1085,0
1208,242,261,0
1209,242,1248,0
1210,242,425,0
1211,242,1182,0
1212,242,380,0
1213,242,669,0
1214,242,403,1
1215,242,1068,0
1216,242,902,0
1217,242,433,0
1218,242,916,0
1219,242,154,0
1220,242,1262,0
1221,242,552,0
1222,242,338,0
1223,242,909,0
1224,242,1333,0
1225,242,1107,0
1226,242,134,0
1227,242,802,0
1228,242,1361,0
1229,242,709,0
1230,242,386,0
1231,242,1171,0
1232,242,1355,1
1233,242,528,0
1234,242,442,0
1235,242,605,0
1236,242,449,0
1237,242,1346,0
1238,242,209,0
1239,242,1321,0
1240,242,871,0
1241,242,137,0
1242,242,887,0
1243,242,419,0
1244,242,619,0
1245,242,1020,0
1246,242,343,0
1247,242,1163,0
1248,242,472,0
1249,242,1368,0
1250,242,1264,0
1251,242,266,0
1252,242,1350,0
1253,242,1126,1
1254,242,82,0
1255,242,680,0
1256,242,1087,0
1257,242,1303,0
1258,242,1051,0
1259,242,56,0
1260,242,482,0
1261,242,998,0
1262,242,328,0
1263,242,57,0
1264,242,828,0
1265,242,735,0
1266,242,119,0
1267,242,1296,1
1268,242,672,0
1269,242,917,0
1270,242,1270,0
1271,242,1231,0
1272,242,208,0
1273,242,838,0
1274,242,291,0
1275,242,978,0
1276,242,1086,0
1277,242,1170,0
1278,242,1299,0
1279,242,88,0
1280,242,1365,0
1281,242,544,0
1282,242,1251,0
1283,242,551,1
1284,242,276,0
1285,242,872,0
1286,242,30,0
1287,242,470,0
1288,242,797,0
1289,242,454,0
1290,242,221,0
1291,242,1250,1
1292,242,275,0
1293,242,829,0
1294,242,983,0
1295,242,606,0
1296,242,524,0
1297,242,54,0
1298,242,763,0
1299,242,31,0
1300,242,1121,0
1301,242,101,0
1302,242,823,0
1303,242,1193,0
1304,242,615,0
1305,242,1013,0
1306,242,789,0
1307,242,225,1
1308,242,3,0
1309,242,383,0
1310,242,281,0
1311,242,844,0
1312,242,155,0
1313,242,946,0
1314,242,108,0
1315,242,924,0
1316,254,112,0
1317,254,437,0
1318,254,429,0
1319,254,1210,0
1320,254,948,0
1321,254,0,1
1322,254,427,1
1323,254,805,1
1324,254,1079,0
1325,254,1129,0
1326,254,1356,0
1327,254,1112,0
1328,254,1229,1
1329,254,433,1
1330,254,1218,0
1331,254,1389,0
1332,254,1155,0
1333,254,1316,0
1334,254,261,1
1335,254,270,1
1336,254,1206,0
1337,254,1346,1
1338,254,100,0
1339,254,1320,0
1340,254,844,0
1341,254,385,0
1342,254,5,0
1343,254,895,0
1344,254,95,1
1345,254,780,0
1346,254,1166,0
1347,254,148,0
1348,254,1345,1
1349,254,584,0
1350,254,459,1
1351,254,294,0
1352,254,660,1
1353,254,925,1
1354,254,1361,0
1355,254,1062,1
1356,254,1310,0
1357,254,348,1
1358,254,648,0
1359,254,1249,1
1360,254,630,0
1361,254,868,0
1362,254,545,1
1363,254,624,1
1364,254,413,0
1365,254,617,0
1366,254,160,0
1367,254,330,0
1368,254,1104,1
1369,254,500,1
1370,254,755,1
1371,254,120,0
1372,254,969,0
1373,254,1118,1
1374,254,192,1
1375,254,936,0
1376,254,1322,1
1377,254,1407,0
1378,254,1052,0
1379,254,274,1
1380,254,1384,1
1381,254,1317,0
1382,254,645,0
1383,254,997,0
1384,254,1116,1
1385,254,1076,1
1386,254,125,0
1387,254,1324,0
1388,254,1266,1
1389,254,193,1
1390,254,677,0
1391,254,1386,0
1392,254,299,1
1393,254,135,0
1394,254,416,0
1395,254,953,0
1396,254,199,0
1397,254,65,1
1398,254,821,1
1399,254,336,1
1400,254,337,0
1401,254,408,0
1402,254,1208,1
1403,254,440,1
1404,254,850,0
1405,254,931,0
1406,254,588,0
1407,254,575,0
1408,254,1039,0
1409,254,1238,0
1410,254,739,0
1411,254,812,1
1412,254,853,1
1413,254,1015,0
1414,254,731,0
1415,254,346,0
1416,254,996,0
1417,254,191,1
1418,254,214,0
1419,254,251,1
1420,254,1313,0
1421,254,961,1
1422,254,1225,0
1423,254,187,1
1424,254,444,0
1425,254,685,0
1426,254,1007,1
1427,254,1340,0
1428,254,235,0
1429,254,760,1
1430,254,1096,0
1431,254,1159,0
1432,254,781,0
1433,254,747,0
1434,254,485,1
1435,254,701,1
1436,254,713,1
1437,254,278,0
1438,254,50,0
1439,254,1138,1
1440,254,1207,0
1441,254,872,1
1442,254,286,0
1443,254,650,0
1444,254,442,0
1445,254,479,0
1446,254,867,0
1447,254,297,0
1448,254,85,0
1449,254,1098,0
1450,254,712,1
1451,254,663,0
1452,254,152,1
1453,254,573,1
1454,254,1054,0
1455,254,435,1
1456,254,359,0
1457,254,341,0
1458,254,635,0
1459,254,923,0
1460,254,269,0
1461,254,16,1
1462,254,838,0
1463,254,124,0
1464,254,792,0
1465,254,370,1
1466,254,456,0
1467,254,1056,1
1468,254,78,0
1469,254,979,0
1470,254,498,0
1471,254,1030,0
1472,254,751,0
1473,254,76,0
1474,254,204,0
1475,254,1144,0
1476,254,716,0
1477,254,1151,0
1478,254,48,0
1479,254,598,1
1480,254,985,1
1481,254,324,0
1482,254,280,1
1483,254,1088,0
1484,254,1029,1
1485,254,159,0
1486,254,14,0
1487,254,1060,0
1488,254,1263,1
1489,254,662,0
1490,254,513,0
1491,254,717,0
1492,254,1283,0
1493,254,236,0
1494,254,42,0
1495,254,17,0
1496,254,1315,1
1497,254,1194,1
1498,254,1014,0
1499,254,904,0
1500,254,1136,0
1501,254,693,1
1502,254,1235,1
1503,254,458,0
1504,292,375,0
1505,292,1059,1
1506,292,787,0
1507,292,814,0
1508,292,1201,1
1509,292,1169,1
1510,292,1080,1
1511,292,30,1
1512,292,584,1
1513,292,764,1
1514,292,1018,1
1515,292,50,0
1516,292,815,1
1517,292,1171,1
1518,292,179,0
1519,292,1133,0
1520,292,335,0
1521,292,1078,1
1522,292,911,1
1523,292,486,0
1524,292,39,0
1525,292,1177,1
1526,292,750,0
1527,292,393,1
1528,292,950,1
1529,292,1236,0
1530,292,271,0
1531,292,493,1
1532,292,413,1
1533,292,851,0
1534,292,904,0
1535,292,789,0
1536,292,1223,1
1537,292,579,1
1538,292,924,1
1539,292,1204,0
1540,292,660,1
1541,292,1084,0
1542,292,720,1
1543,292,873,0
1544,292,637,0
1545,292,743,1
1546,292,1228,1
1547,292,1173,1
1548,292,941,1
1549,292,543,1
1550,292,1367,0
1551,292,699,1
1552,292,266,1
1553,292,226,0
1554,292,123,1
1555,292,1312,0
1556,292,922,0
1557,292,1011,1
1558,292,485,1
1559,292,540,0
1560,292,72,1
1561,292,885,1
1562,292,659,1
1563,292,468,1
1564,292,1092,1
1565,292,293,0
1566,292,559,0
1567,292,244,0
1568,292,1036,1
1569,292,800,0
1570,292,683,1
1571,292,702,1
1572,292,269,1
1573,292,602,1
1574,292,983,1
1575,292,529,1
1576,292,129,0
1577,292,712,1
1578,292,42,0
1579,292,236,0
1580,292,85,0
1581,292,1359,1
1582,292,646,0
1583,292,833,0
1584,292,302,0
1585,292,1065,1
1586,292,1072,0
1587,292,1146,0
1588,292,1048,0
1589,292,1185,1
1590,292,466,0
1591,292,755,0
1592,292,1255,0
1593,292,500,0
1594,292,768,1
1595,292,1085,1
1596,292,148,0
1597,292,1360,0
1598,292,464,0
1599,292,635,0
1600,292,1352,1
1601,292,1391,0
1602,292,80,1
1603,292,1055,0
1604,292,1314,0
1605,292,725,0
1606,292,987,1
1607,292,351,0
1608,292,1339,1
1609,292,1163,1
1610,292,298,0
1611,292,1387,1
1612,292,773,1
1613,292,1069,0
1614,292,1307,0
1615,292,22,1
1616,292,444,0
1617,292,257,1
1618,292,619,1
1619,292,1166,1
1620,292,35,1
1621,292,539,1
1622,292,1326,1
1623,292,1168,0
1624,292,1024,0
1625,292,765,0
1626,292,681,0
1627,292,701,0
1628,292,688,1
1629,292,1254,1
1630,292,527,1
1631,292,829,1
1632,292,917,0
1633,292,1178,1
1634,292,267,1
1635,292,993,0
1636,292,746,0
1637,292,173,0
1638,292,1270,1
1639,292,661,0
1640,292,89,1
1641,292,813,0
1642,292,410,1
1643,292,462,1
1644,292,775,0
1645,292,548,1
1646,292,1247,1
1647,292,146,0
1648,292,653,1
1649,292,1077,1
1650,292,174,0
1651,292,1390,1
1652,292,1337,0
1653,292,1210,0
1654,292,461,0
1655,292,145,0
1656,292,554,1
1657,292,117,0
1658,292,1031,1
1659,292,913,1
1660,292,421,0
1661,292,472,0
1662,292,1374,1
1663,292,330,1
1664,292,537,0
1665,292,31,0
1666,292,931,0
1667,292,202,0
1668,292,1305,1
1669,292,497,1
1670,292,1063,0
1671,292,647,0
1672,292,670,1
1673,292,1366,1
1674,292,1132,0
1675,292,1275,0
1676,292,385,0
1677,292,729,0
1678,292,1316,0
1679,292,1088,0
1680,292,140,0
1681,292,1162,0
1682,292,1219,1
1683,292,152,1
1684,292,689,1
1685,292,1121,0
1686,292,135,1
1687,292,697,0
1688,292,194,0
1689,292,678,0
1690,292,870,0
1691,292,1179,1
1692,339,810,0
1693,339,471,0
1694,339,1122,0
1695,339,332,1
1696,339,226,0
1697,339,553,0
1698,339,112,0
1699,339,755,0
1700,339,447,0
1701,339,177,0
1702,339,870,0
1703,339,1283,0
1704,339,390,0
1705,339,512,0
1706,339,882,0
1707,339,943,0
1708,339,559,1
1709,339,903,0
1710,339,102,0
1711,339,242,0
1712,339,1404,0
1713,339,722,0
1714,339,1196,0
1715,339,282,0
1716,339,930,0
1717,339,1061,0
1718,339,299,0
1719,339,220,0
1720,339,101,0
1721,339,132,0
1722,339,898,0
1723,339,1200,0
1724,339,197,0
1725,339,558,0
1726,339,795,0
1727,339,406,0
1728,339,1377,0
1729,339,1310,0
1730,339,16,0
1731,339,145,0
1732,339,305,1
1733,339,581,0
1734,339,544,0
1735,339,1164,1
1736,339,346,0
1737,339,1272,0
1738,339,257,0
1739,339,684,0
1740,339,1226,0
1741,339,1186,0
1742,339,488,0
1743,339,1135,0
1744,339,366,0
1745,339,560,0
1746,339,832,0
1747,339,1201,0
1748,339,524,0
1749,339,1333,0
1750,339,914,0
1751,339,1240,0
1752,339,248,0
1753,339,635,0
1754,339,120,1
1755,339,1176,0
1756,339,1046,0
1757,339,595,0
1758,339,30,0
1759,339,321,0
1760,339,362,0
1761,339,262,0
1762,339,893,0
1763,339,1152,0
1764,339,740,0
1765,339,606,0
1766,339,1273,0
1767,339,942,0
1768,339,394,0
1769,339,686,0
1770,339,201,0
1771,339,834,0
1772,339,1270,0
1773,339,958,0
1774,339,924,0
1775,339,1320,0
1776,339,594,0
1777,339,1023,0
1778,339,654,0
1779,339,726,0
1780,339,89,0
1781,339,404,0
1782,339,678,0
1783,339,1208,0
1784,339,412,0
1785,339,61,1
1786,339,266,0
1787,339,1313,0
1788,339,357,0
1789,339,713,0
1790,339,949,0
1791,339,127,0
1792,339,987,0
1793,339,801,0
1794,339,1364,0
1795,339,1030,0
1796,339,219,0
1797,339,208,0
1798,339,1366,1
1799,339,862,0
1800,339,475,0
1801,339,694,0
1802,339,307,0
1803,339,765,0
1804,339,119,0
1805,339,247,0
1806,339,821,0
1807,339,729,0
1808,339,1212,0
1809,339,605,0
1810,339,385,0
1811,339,376,0
1812,339,525,0
1813,339,571,0
1814,339,1330,0
1815,339,954,0
1816,339,392,0
1817,339,399,0
1818,339,1088,0
1819,339,762,0
1820,339,1297,0
1821,339,679,0
1822,339,1289,0
1823,339,236,0
1824,339,274,0
1825,339,472,0
1826,339,873,0
1827,339,75,0
1828,339,827,0
1829,339,1287,0
1830,339,1211,0
1831,339,182,0
1832,339,1371,0
1833,339,971,0
1834,339,103,0
1835,339,1202,0
1836,339,1311,0
1837,339,1003,0
1838,339,1213,0
1839,339,291,1
1840,339,1247,0
1841,339,78,0
1842,339,639,0
1843,339,175,0
1844,339,391,0
1845,339,359,0
1846,339,1180,0
1847,339,225,0
1848,339,1243,0
1849,339,283,0
1850,339,317,0
1851,339,196,0
1852,339,271,0
1853,339,355,0
1854,339,158,0
1855,339,353,0
1856,339,1406,0
1857,339,419,0
1858,339,1172,0
1859,339,292,0
1860,339,1349,0
1861,339,288,0
1862,339,907,0
1863,339,526,0
1864,339,704,0
1865,339,1408,0
1866,339,743,0
1867,339,402,0
1868,339,709,0
1869,339,26,0
1870,339,598,0
1871,339,1206,0
1872,339,285,0
1873,339,728,0
1874,339,761,1
1875,339,1130,0
1876,339,1100,0
1877,339,990,0
1878,339,1002,0
1879,339,244,0
1880,346,689,0
1881,346,672,0
1882,346,1346,0
1883,346,1398,0
1884,346,1124,0
1885,346,14,0
1886,346,1017,0
1887,346,35,0
1888,346,1007,0
1889,346,1356,0
1890,346,1152,0
1891,346,384,0
1892,346,899,0
1893,346,371,0
1894,346,614,0
1895,346,800,0
1896,346,887,0
1897,346,577,0
1898,346,1314,0
1899,346,639,0
1900,346,394,0
1901,346,1051,0
1902,346,956,0
1903,346,559,0
1904,346,730,0
1905,346,1333,0
1906,346,119,0
1907,346,967,0
1908,346,89,0
1909,346,737,0
1910,346,1154,0
1911,346,763,0
1912,346,1275,0
1913,346,112,0
1914,346,784,0
1915,346,223,0
1916,346,66,0
1917,346,849,0
1918,346,1278,0
1919,346,423,0
1920,346,42,0
1921,346,290,0
1922,346,1397,0
1923,346,878,0
1924,346,1112,0
1925,346,1340,0
1926,346,316,0
1927,346,1330,0
1928,346,758,0
1929,346,719,0
1930,346,147,0
1931,346,332,0
1932,346,1011,0
1933,346,1031,0
1934,346,1281,0
1935,346,564,0
1936,346,521,0
1937,346,267,0
1938,346,897,0
1939,346,483,0
1940,346,356,0
1941,346,615,0
1942,346,1383,0
1943,346,716,0
1944,346,547,0
1945,346,812,0
1946,346,606,0
1947,346,497,0
1948,346,298,0
1949,346,975,0
1950,346,777,0
1951,346,869,0
1952,346,1265,0
1953,346,6,0
1954,346,663,0
1955,346,540,0
1956,346,687,0
1957,346,543,1
1958,346,1341,0
1959,346,90,0
1960,346,261,0
1961,346,930,0
1962,346,7,0
1963,346,802,0
1964,346,1392,0
1965,346,647,0
1966,346,619,0
1967,346,1004,0
1968,346,699,0
1969,346,929,0
1970,346,1377,0
1971,346,835,0
1972,346,105,0
1973,346,308,0
1974,346,541,0
1975,346,701,0
1976,346,881,0
1977,346,876,0
1978,346,951,0
1979,346,890,0
1980,346,786,0
1981,346,978,0
1982,346,390,0
1983,346,745,0
1984,346,347,0
1985,346,905,0
1986,346,1054,0
1987,346,1227,0
1988,346,1068,0
1989,346,839,0
1990,346,1225,0
1991,346,525,0
1992,346,195,0
1993,346,695,0
1994,346,266,0
1995,346,71,0
1996,346,1136,0
1997,346,1394,0
1998,346,811,0
1999,346,566,0
2000,346,282,0
2001,346,368,0
2002,346,486,0
2003,346,193,0
2004,346,74,0
2005,346,104,0
2006,346,1256,0
2007,346,216,0
2008,346,717,0
2009,346,721,0
2010,346,977,0
2011,346,957,0
2012,346,640,0
2013,346,389,0
2014,346,563,0
2015,346,1009,0
2016,346,1289,0
2017,346,278,0
2018,346,110,0
2019,346,928,0
2020,346,179,0
2021,346,458,0
2022,346,1196,0
2023,346,787,0
2024,346,1083,0
2025,346,871,0
2026,346,96,0
2027,346,446,0
2028,346,1115,0
2029,346,1108,0
2030,346,29,0
2031,346,1335,0
2032,346,1096,0
2033,346,1298,0
2034,346,557,0
2035,346,307,0
2036,346,467,0
2037,346,1113,0
2038,346,884,0
2039,346,78,0
2040,346,966,0
2041,346,109,0
2042,346,1079,0
2043,346,747,0
2044,346,305,0
2045,346,12,0
2046,346,1295,0
2047,346,1047,0
2048,346,431,0
2049,346,961,0
2050,346,129,0
2051,346,870,0
2052,346,584,0
2053,346,301,0
2054,346,476,0
2055,346,706,0
2056,346,421,0
2057,346,321,0
2058,346,707,0
2059,346,569,0
2060,346,954,0
2061,346,1088,0
2062,346,51,0
2063,346,1200,0
2064,346,685,0
2065,346,1216,0
2066,346,505,0
2067,346,1266,0
2068,444,90,0
2069,444,543,0
2070,444,731,0
2071,444,1059,0
2072,444,1407,0
2073,444,1100,0
2074,444,1094,0
2075,444,1034,0
2076,444,994,0
2077,444,309,0
2078,444,1313,0
2079,444,19,0
2080,444,797,0
2081,444,1182,0
2082,444,708,0
2083,444,362,0
2084,444,489,0
2085,444,1007,0
2086,444,1020,0
2087,444,728,0
2088,444,1220,0
2089,444,1031,0
2090,444,1277,0
2091,444,413,0
2092,444,611,0
2093,444,1152,0
2094,444,1116,0
2095,444,38,0
2096,444,958,0
2097,444,637,0
2098,444,1286,0
2099,444,992,0
2100,444,200,0
2101,444,26,0
2102,444,1067,0
2103,444,872,0
2104,444,1319,0
2105,444,487,0
2106,444,839,0
2107,444,753,0
2108,444,928,0
2109,444,1190,0
2110,444,337,0
2111,444,34,0
2112,444,573,0
2113,444,542,0
2114,444,479,0
2115,444,145,0
2116,444,301,0
2117,444,582,0
2118,444,1399,0
2119,444,467,0
2120,444,1119,0
2121,444,1154,0
2122,444,106,0
2123,444,841,0
2124,444,1250,0
2125,444,1049,0
2126,444,102,0
2127,444,1263,0
2128,444,968,0
2129,444,1199,0
2130,444,1023,0
2131,444,1288,0
2132,444,412,0
2133,444,1324,0
2134,444,877,0
2135,444,1109,0
2136,444,460,0
2137,444,1039,0
2138,444,693,0
2139,444,172,0
2140,444,963,0
2141,444,69,0
2142,444,1379,0
2143,444,768,0
2144,444,569,0
2145,444,1123,0
2146,444,1120,0
2147,444,856,0
2148,444,1129,0
2149,444,1244,0
2150,444,1221,0
2151,444,68,0
2152,444,739,0
2153,444,1327,0
2154,444,1018,0
2155,444,459,0
2156,444,550,0
2157,444,1342,0
2158,444,1189,0
2159,444,1019,0
2160,444,429,0
2161,444,254,0
2162,444,1293,0
2163,444,1160,0
2164,444,996,0
2165,444,1258,0
2166,444,695,0
2167,444,698,0
2168,444,269,0
2169,444,67,0
2170,444,950,0
2171,444,369,0
2172,444,502,0
2173,444,615,0
2174,444,290,0
2175,444,348,0
2176,444,898,0
2177,444,1311,0
2178,444,1345,0
2179,444,361,0
2180,444,1210,0
2181,444,84,0
2182,444,1239,0
2183,444,293,0
2184,444,1058,0
2185,444,1076,0
2186,444,186,0
2187,444,1229,0
2188,444,294,0
2189,444,990,0
2190,444,1389,0
2191,444,943,0
2192,444,222,0
2193,444,643,0
2194,444,726,0
2195,444,376,0
2196,444,665,0
2197,444,641,0
2198,444,4,0
2199,444,368,0
2200,444,593,0
2201,444,949,0
2202,444,306,0
2203,444,436,0
2204,444,980,0
2205,444,463,0
2206,444,33,0
2207,444,470,0
2208,444,1132,0
2209,444,1340,0
2210,444,45,0
2211,444,425,0
2212,444,1044,0
2213,444,799,0
2214,444,762,1
2215,444,466,0
2216,444,644,0
2217,444,280,0
2218,444,874,0
2219,444,687,0
2220,444,710,0
2221,444,734,0
2222,444,865,0
2223,444,21,0
2224,444,524,0
2225,444,624,0
2226,444,835,0
2227,444,1409,0
2228,444,1158,0
2229,444,1072,0
2230,444,365,0
2231,444,959,0
2232,444,1193,0
2233,444,557,0
2234,444,891,0
2235,444,894,0
2236,444,316,0
2237,444,1272,0
2238,444,830,0
2239,444,1093,0
2240,444,1291,0
2241,444,808,0
2242,444,503,0
2243,444,1144,0
2244,444,1183,0
2245,444,908,0
2246,444,6,0
2247,444,920,0
2248,444,1388,0
2249,444,647,0
2250,444,494,0
2251,444,388,0
2252,444,629,0
2253,444,396,0
2254,444,1070,0
2255,444,249,0
2256,525,235,0
2257,525,1310,0
2258,525,85,0
2259,525,1133,0
2260,525,432,0
2261,525,1246,0
2262,525,167,0
2263,525,692,0
2264,525,410,1
2265,525,57,0
2266,525,748,0
2267,525,778,0
2268,525,967,0
2269,525,1378,0
2270,525,227,0
2271,525,348,0
2272,525,82,0
2273,525,675,0
2274,525,677,0
2275,525,950,0
2276,525,1045,0
2277,525,541,0
2278,525,269,0
2279,525,485,0
2280,525,276,0
2281,525,499,0
2282,525,1275,0
2283,525,1053,0
2284,525,965,0
2285,525,375,0
2286,525,1192,0
2287,525,1135,0
2288,525,446,0
2289,525,864,0
2290,525,617,0
2291,525,781,0
2292,525,246,0
2293,525,870,0
2294,525,1043,0
2295,525,1225,0
2296,525,1334,0
2297,525,976,0
2298,525,267,0
2299,525,155,0
2300,525,948,0
2301,525,1385,0
2302,525,558,0
2303,525,932,0
2304,525,651,0
2305,525,1221,0
2306,525,1332,0
2307,525,816,0
2308,525,396,0
2309,525,243,0
2310,525,1198,0
2311,525,109,0
2312,525,520,0
2313,525,1210,0
2314,525,1381,0
2315,525,362,0
2316,525,1353,1
2317,525,966,0
2318,525,3,0
2319,525,1158,0
2320,525,494,0
2321,525,752,0
2322,525,935,0
2323,525,1272,0
2324,525,363,0
2325,525,1152,0
2326,525,1322,0
2327,525,321,0
2328,525,431,0
2329,525,1194,0
2330,525,1171,0
2331,525,128,1
2332,525,1348,0
2333,525,426,0
2334,525,837,0
2335,525,335,0
2336,525,717,0
2337,525,562,0
2338,525,256,0
2339,525,81,0
2340,525,1028,0
2341,525,1168,0
2342,525,828,0
2343,525,1216,0
2344,525,604,0
2345,525,435,0
2346,525,876,0
2347,525,1281,0
2348,525,1308,0
2349,525,17,0
2350,525,380,0
2351,525,536,0
2352,525,646,0
2353,525,126,0
2354,525,436,0
2355,525,1093,0
2356,525,1024,0
2357,525,982,0
2358,525,308,0
2359,525,1226,0
2360,525,1151,0
2361,525,834,0
2362,525,299,0
2363,525,153,0
2364,525,843,0
2365,525,1361,0
2366,525,817,0
2367,525,1027,0
2368,525,186,0
2369,525,1037,0
2370,525,1253,0
2371,525,944,0
2372,525,1160,0
2373,525,178,0
2374,525,1360,0
2375,525,655,0
2376,525,442,0
2377,525,1400,0
2378,525,1406,0
2379,525,50,0
2380,525,449,0
2381,525,1094,0
2382,525,164,0
2383,525,1180,0
2384,525,695,0
2385,525,1358,0
2386,525,1201,0
2387,525,767,0
2388,525,184,0
2389,525,987,0
2390,525,1108,0
2391,525,610,0
2392,525,746,0
2393,525,575,0
2394,525,441,0
2395,525,564,0
2396,525,754,0
2397,525,283,0
2398,525,1141,0
2399,525,430,0
2400,525,302,0
2401,525,1260,0
2402,525,141,0
2403,525,718,0
2404,525,954,0
2405,525,913,0
2406,525,863,0
2407,525,777,0
2408,525,973,0
2409,525,220,0
2410,525,136,0
2411,525,725,0
2412,525,39,0
2413,525,543,1
2414,525,856,0
2415,525,1237,0
2416,525,666,0
2417,525,382,0
2418,525,684,0
2419,525,429,0
2420,525,433,0
2421,525,412,0
2422,525,997,0
2423,525,287,0
2424,525,340,0
2425,525,458,0
2426,525,680,0
2427,525,693,0
2428,525,115,0
2429,525,1106,0
2430,525,835,0
2431,525,990,0
2432,525,247,0
2433,525,1282,0
2434,525,274,0
2435,525,1336,0
2436,525,660,0
2437,525,1299,0
2438,525,615,0
2439,525,1333,0
2440,525,1018,0
2441,525,568,0
2442,525,531,0
2443,525,14,0
2444,591,755,0
2445,591,1044,0
2446,591,1190,0
2447,591,409,0
2448,591,1191,0
2449,591,603,0
2450,591,55,0
2451,591,756,1
2452,591,551,0
2453,591,975,0
2454,591,620,1
2455,591,446,0
2456,591,540,0
2457,591,394,0
2458,591,531,0
2459,591,934,0
2460,591,181,0
2461,591,1015,0
2462,591,757,0
2463,591,1096,0
2464,591,1043,1
2465,591,1287,0
2466,591,621,0
2467,591,438,1
2468,591,205,1
2469,591,1193,0
2470,591,279,1
2471,591,69,0
2472,591,431,0
2473,591,423,0
2474,591,115,0
2475,591,154,0
2476,591,655,0
2477,591,823,1
2478,591,435,1
2479,591,1125,1
2480,591,1296,0
2481,591,17,1
2482,591,113,0
2483,591,477,1
2484,591,599,1
2485,591,428,0
2486,591,1278,1
2487,591,325,1
2488,591,635,0
2489,591,645,0
2490,591,709,1
2491,591,1209,0
2492,591,563,1
2493,591,544,0
2494,591,1265,0
2495,591,253,0
2496,591,213,0
2497,591,818,1
2498,591,840,0
2499,591,648,0
2500,591,1149,1
2501,591,1189,0
2502,591,271,0
2503,591,824,1
2504,591,1109,0
2505,591,297,1
2506,591,747,1
2507,591,245,1
2508,591,1241,1
2509,591,706,0
2510,591,393,0
2511,591,616,0
2512,591,968,0
2513,591,1120,0
2514,591,150,0
2515,591,1114,1
2516,591,629,0
2517,591,898,0
2518,591,1393,0
2519,591,1225,0
2520,591,348,1
2521,591,219,0
2522,591,498,0
2523,591,962,1
2524,591,1260,0
2525,591,503,0
2526,591,712,0
2527,591,447,0
2528,591,883,0
2529,591,698,0
2530,591,654,1
2531,591,1237,1
2532,591,938,0
2533,591,1221,0
2534,591,528,1
2535,591,1324,0
2536,591,80,0
2537,591,222,1
2538,591,18,0
2539,591,141,0
2540,591,710,0
2541,591,316,1
2542,591,1321,1
2543,591,1089,0
2544,591,853,1
2545,591,1395,0
2546,591,1058,0
2547,591,452,1
2548,591,78,0
2549,591,0,0
2550,591,691,0
2551,591,507,0
2552,591,941,0
2553,591,1000,0
2554,591,731,0
2555,591,109,1
2556,591,476,1
2557,591,708,1
2558,591,1080,1
2559,591,942,1
2560,591,1206,1
2561,591,1253,1
2562,591,1367,1
2563,591,1316,0
2564,591,781,0
2565,591,1111,0
2566,591,1075,0
2567,591,1242,0
2568,591,1009,0
2569,591,1177,0
2570,591,786,0
2571,591,511,1
2572,591,1232,0
2573,591,155,0
2574,591,424,1
2575,591,1338,0
2576,591,933,0
2577,591,915,0
2578,591,1079,1
2579,591,1047,0
2580,591,278,0
2581,591,1004,0
2582,591,123,1
2583,591,920,0
2584,591,217,0
2585,591,349,0
2586,591,43,0
2587,591,430,1
2588,591,149,1
2589,591,569,0
2590,591,336,1
2591,591,406,0
2592,591,707,1
2593,591,441,1
2594,591,1106,0
2595,591,693,0
2596,591,1052,0
2597,591,1029,0
2598,591,464,0
2599,591,41,0
2600,591,689,0
2601,591,561,0
2602,591,1179,0
2603,591,500,0
2604,591,604,0
2605,591,125,0
2606,591,1049,1
2607,591,117,0
2608,591,462,0
2609,591,1298,1
2610,591,136,0
2611,591,672,1
2612,591,736,0
2613,591,1175,0
2614,591,585,0
2615,591,71,0
2616,591,1056,0
2617,591,809,1
2618,591,1174,0
2619,591,875,1
2620,591,1315,0
2621,591,932,1
2622,591,1083,0
2623,591,94,0
2624,591,546,1
2625,591,514,0
2626,591,749,0
2627,591,164,0
2628,591,1045,0
2629,591,1001,0
2630,591,679,0
2631,591,881,0
2632,600,985,0
2633,600,978,0
2634,600,1032,0
2635,600,1010,0
2636,600,662,0
2637,600,288,0
2638,600,28,0
2639,600,688,0
2640,600,1241,0
2641,600,851,0
2642,600,272,0
2643,600,155,0
2644,600,672,0
2645,600,244,0
2646,600,333,0
2647,600,172,0
2648,600,1329,0
2649,600,315,0
2650,600,1301,0
2651,600,1096,0
2652,600,252,0
2653,600,637,0
2654,600,740,0
2655,600,1304,0
2656,600,634,0
2657,600,631,0
2658,600,1407,0
2659,600,1217,0
2660,600,861,0
2661,600,1092,0
2662,600,368,0
2663,600,1176,0
2664,600,946,0
2665,600,543,0
2666,600,22,0
2667,600,446,0
2668,600,948,0
2669,600,1161,0
2670,600,754,0
2671,600,695,0
2672,600,1122,0
2673,600,1009,0
2674,600,485,0
2675,600,1243,0
2676,600,282,0
2677,600,207,0
2678,600,592,0
2679,600,190,0
2680,600,80,0
2681,600,573,0
2682,600,21,0
2683,600,1202,0
2684,600,519,0
2685,600,1368,0
2686,600,1369,0
2687,600,1215,0
2688,600,74,0
2689,600,434,0
2690,600,1316,0
2691,600,657,0
2692,600,936,0
2693,600,999,0
2694,600,1197,0
2695,600,84,0
2696,600,1320,0
2697,600,1327,0
2698,600,1284,0
2699,600,503,0
2700,600,3,0
2701,600,1370,0
2702,600,1046,0
2703,600,249,0
2704,600,1314,0
2705,600,246,0
2706,600,180,0
2707,600,1310,0
2708,600,602,0
2709,600,591,0
2710,600,911,0
2711,600,1079,0
2712,600,1180,0
2713,600,1139,0
2714,600,640,0
2715,600,231,0
2716,600,238,0
2717,600,1211,0
2718,600,524,0
2719,600,108,0
2720,600,955,0
2721,600,1083,0
2722,600,136,0
2723,600,623,0
2724,600,572,0
2725,600,760,0
2726,600,1110,0
2727,600,919,0
2728,600,195,0
2729,600,1105,0
2730,600,73,0
2731,600,480,0
2732,600,993,0
2733,600,736,0
2734,600,424,0
2735,600,988,0
2736,600,648,0
2737,600,599,0
2738,600,668,0
2739,600,616,0
2740,600,903,0
2741,600,1298,0
2742,600,1048,0
2743,600,54,0
2744,600,1265,0
2745,600,1099,0
2746,600,1093,0
2747,600,896,0
2748,600,1364,0
2749,600,233,0
2750,600,1250,0
2751,600,575,0
2752,600,627,0
2753,600,94,0
2754,600,311,0
2755,600,1137,0
2756,600,619,0
2757,600,1400,0
2758,600,259,0
2759,600,386,0
2760,600,147,0
2761,600,189,0
2762,600,1405,0
2763,600,1159,0
2764,600,770,0
2765,600,420,0
2766,600,16,0
2767,600,865,0
2768,600,78,0
2769,600,963,0
2770,600,1276,0
2771,600,782,0
2772,600,981,0
2773,600,947,0
2774,600,66,0
2775,600,58,0
2776,600,402,0
2777,600,1207,0
2778,600,421,0
2779,600,328,0
2780,600,1101,0
2781,600,474,0
2782,600,831,0
2783,600,874,0
2784,600,1011,0
2785,600,724,0
2786,600,17,0
2787,600,1312,0
2788,600,115,0
2789,600,842,0
2790,600,962,0
2791,600,805,0
2792,600,1061,1
2793,600,613,0
2794,600,101,0
2795,600,626,0
2796,600,697,0
2797,600,620,0
2798,600,891,0
2799,600,684,0
2800,600,588,0
2801,600,843,0
2802,600,730,0
2803,600,965,0
2804,600,273,0
2805,600,1391,0
2806,600,966,0
2807,600,711,0
2808,600,888,0
2809,600,516,0
2810,600,1049,0
2811,600,1262,0
2812,600,549,0
2813,600,1057,0
2814,600,555,0
2815,600,1360,0
2816,600,1403,0
2817,600,99,0
2818,600,338,0
2819,600,731,0
2820,601,61,0
2821,601,1382,0
2822,601,230,1
2823,601,186,0
2824,601,91,0
2825,601,633,0
2826,601,905,0
2827,601,596,0
2828,601,1142,0
2829,601,182,0
2830,601,98,0
2831,601,1068,0
2832,601,256,1
2833,601,254,0
2834,601,143,0
2835,601,1120,0
2836,601,1358,0
2837,601,484,0
2838,601,809,0
2839,601,284,0
2840,601,705,0
2841,601,266,0
2842,601,1260,0
2843,601,1029,0
2844,601,1194,0
2845,601,268,1
2846,601,1002,0
2847,601,1026,0
2848,601,257,0
2849,601,625,0
2850,601,918,0
2851,601,444,0
2852,601,902,0
2853,601,1047,0
2854,601,74,0
2855,601,942,1
2856,601,1370,0
2857,601,495,0
2858,601,1174,0
2859,601,497,0
2860,601,129,0
2861,601,321,0
2862,601,958,0
2863,601,1050,0
2864,601,331,0
2865,601,57,0
2866,601,36,0
2867,601,86,0
2868,601,1103,0
2869,601,217,0
2870,601,352,0
2871,601,1024,1
2872,601,919,0
2873,601,105,0
2874,601,640,1
2875,601,837,0
2876,601,674,1
2877,601,527,0
2878,601,165,0
2879,601,928,0
2880,601,387,0
2881,601,710,0
2882,601,1008,0
2883,601,679,0
2884,601,62,0
2885,601,1315,0
2886,601,234,0
2887,601,309,0
2888,601,509,0
2889,601,1220,0
2890,601,1,0
2891,601,583,0
2892,601,754,1
2893,601,714,0
2894,601,9,0
2895,601,650,0
2896,601,649,0
2897,601,345,0
2898,601,1153,0
2899,601,6,0
2900,601,644,0
2901,601,122,0
2902,601,1160,1
2903,601,1388,0
2904,601,881,0
2905,601,669,0
2906,601,1318,0
2907,601,1182,0
2908,601,1122,0
2909,601,773,0
2910,601,1011,0
2911,601,338,0
2912,601,953,0
2913,601,261,0
2914,601,551,0
2915,601,325,0
2916,601,1145,0
2917,601,278,0
2918,601,808,0
2919,601,1099,1
2920,601,1245,0
2921,601,330,0
2922,601,505,0
2923,601,372,0
2924,601,388,1
2925,601,805,0
2926,601,468,0
2927,601,1397,0
2928,601,973,1
2929,601,1055,0
2930,601,575,0
2931,601,1104,0
2932,601,112,1
2933,601,567,0
2934,601,479,0
2935,601,769,0
2936,601,685,0
2937,601,1280,0
2938,601,822,0
2939,601,1115,0
2940,601,184,0
2941,601,469,0
2942,601,1178,0
2943,601,560,0
2944,601,1229,0
2945,601,1219,0
2946,601,458,0
2947,601,322,0
2948,601,1072,0
2949,601,1031,0
2950,601,1337,0
2951,601,1246,0
2952,601,1242,0
2953,601,327,0
2954,601,956,0
2955,601,528,0
2956,601,673,1
2957,601,1184,1
2958,601,910,0
2959,601,379,0
2960,601,247,0
2961,601,141,0
2962,601,430,0
2963,601,435,0
2964,601,84,1
2965,601,1067,0
2966,601,1133,0
2967,601,1364,1
2968,601,924,0
2969,601,33,0
2970,601,97,0
2971,601,678,0
2972,601,993,1
2973,601,277,0
2974,601,191,0
2975,601,1106,0
2976,601,223,0
2977,601,1336,0
2978,601,1097,0
2979,601,237,0
2980,601,1247,0
2981,601,25,0
2982,601,926,1
2983,601,722,0
2984,601,221,0
2985,601,351,0
2986,601,218,0
2987,601,869,0
2988,601,1374,0
2989,601,591,0
2990,601,1301,1
2991,601,1379,0
2992,601,865,0
2993,601,1027,0
2994,601,631,0
2995,601,424,1
2996,601,1186,0
2997,601,1294,0
2998,601,1038,0
2999,601,1033,0
3000,601,724,0
3001,601,1143,0
3002,601,641,0
3003,601,727,0
3004,601,852,0
3005,601,208,0
3006,601,226,0
3007,601,1003,0
3008,643,197,0
3009,643,161,0
3010,643,556,1
3011,643,1392,0
3012,643,437,0
3013,643,75,1
3014,643,1094,1
3015,643,398,1
3016,643,621,0
3017,643,324,0
3018,643,215,0
3019,643,133,0
3020,643,992,0
3021,643,1135,1
3022,643,752,0
3023,643,1369,1
3024,643,440,0
3025,643,1340,0
3026,643,1349,0
3027,643,176,1
3028,643,479,1
3029,643,548,1
3030,643,211,0
3031,643,627,1
3032,643,1231,0
3033,643,1158,0
3034,643,649,1
3035,643,352,0
3036,643,715,0
3037,643,1313,0
3038,643,1061,1
3039,643,723,1
3040,643,127,1
3041,643,419,0
3042,643,854,1
3043,643,481,0
3044,643,689,1
3045,643,1205,1
3046,643,500,1
3047,643,1345,1
3048,643,578,0
3049,643,114,0
3050,643,928,0
3051,643,1265,0
3052,643,1015,0
3053,643,1153,0
3054,643,508,0
3055,643,1389,0
3056,643,271,0
3057,643,773,0
3058,643,741,0
3059,643,103,0
3060,643,397,1
3061,643,1212,1
3062,643,165,1
3063,643,834,0
3064,643,890,1
3065,643,1304,0
3066,643,879,1
3067,643,190,0
3068,643,514,1
3069,643,323,0
3070,643,303,1
3071,643,1150,0
3072,643,304,1
3073,643,129,0
3074,643,886,0
3075,643,591,0
3076,643,1225,0
3077,643,223,1
3078,643,1174,0
3079,643,579,0
3080,643,1073,1
3081,643,120,0
3082,643,375,0
3083,643,195,1
3084,643,1211,0
3085,643,785,1
3086,643,84,0
3087,643,246,1
3088,643,525,1
3089,643,1171,1
3090,643,708,0
3091,643,1287,0
3092,643,594,1
3093,643,1115,0
3094,643,968,1
3095,643,1099,0
3096,643,899,0
3097,643,802,0
3098,643,299,0
3099,643,1247,1
3100,643,827,1
3101,643,1011,1
3102,643,663,0
3103,643,1282,0
3104,643,550,1
3105,643,960,1
3106,643,900,0
3107,643,658,0
3108,643,504,1
3109,643,1143,0
3110,643,1217,0
3111,643,537,0
3112,643,454,1
3113,643,73,0
3114,643,538,0
3115,643,645,1
3116,643,809,0
3117,643,1382,0
3118,643,1240,0
3119,643,289,1
3120,643,1351,1
3121,643,1137,0
3122,643,805,1
3123,643,628,1
3124,643,217,0
3125,643,840,0
3126,643,978,0
3127,643,5,0
3128,643,844,0
3129,643,265,0
3130,643,872,1
3131,643,657,0
3132,643,539,1
3133,643,263,1
3134,643,745,1
3135,643,208,0
3136,643,464,0
3137,643,235,1
3138,643,335,0
3139,643,1291,0
3140,643,755,0
3141,643,280,0
3142,643,1038,0
3143,643,313,0
3144,643,815,0
3145,643,559,1
3146,643,817,1
3147,643,1213,1
3148,643,897,1
3149,643,371,1
3150,643,533,0
3151,643,100,0
3152,643,451,0
3153,643,692,0
3154,643,796,0
3155,643,274,0
3156,643,1194,0
3157,643,123,1
3158,643,1138,0
3159,643,510,0
3160,643,158,0
3161,643,449,1
3162,643,433,0
3163,643,409,0
3164,643,1250,1
3165,643,866,0
3166,643,1009,0
3167,643,776,1
3168,643,656,0
3169,643,756,0
3170,643,243,0
3171,643,1338,0
3172,643,888,0
3173,643,950,0
3174,643,117,1
3175,643,660,1
3176,643,41,1
3177,643,174,0
3178,643,1209,1
3179,643,526,0
3180,643,1341,1
3181,643,1185,0
3182,643,480,1
3183,643,1156,1
3184,643,182,0
3185,643,861,1
3186,643,1344,0
3187,643,1147,0
3188,643,602,0
3189,643,273,1
3190,643,725,0
3191,643,1252,0
3192,643,613,1
3193,643,1373,1
3194,643,1078,0
3195,643,1315,0
3196,706,56,0
3197,706,71,0
3198,706,1227,0
3199,706,303,0
3200,706,529,0
3201,706,453,0
3202,706,743,0
3203,706,1344,0
3204,706,1007,0
3205,706,316,0
3206,706,1015,0
3207,706,236,0
3208,706,51,0
3209,706,804,0
3210,706,65,0
3211,706,63,0
3212,706,64,0
3213,706,897,0
3214,706,942,0
3215,706,644,0
3216,706,157,0
3217,706,170,0
3218,706,884,0
3219,706,1361,0
3220,706,1093,0
3221,706,1360,0
3222,706,635,0
3223,706,298,0
3224,706,876,0
3225,706,307,0
3226,706,1175,0
3227,706,428,0
3228,706,1177,0
3229,706,758,0
3230,706,1283,0
3231,706,663,0
3232,706,543,0
3233,706,1293,0
3234,706,1117,0
3235,706,393,0
3236,706,1371,0
3237,706,95,0
3238,706,69,0
3239,706,708,0
3240,706,774,0
3241,706,582,0
3242,706,247,0
3243,706,1380,0
3244,706,1003,0
3245,706,1337,0
3246,706,131,0
3247,706,357,0
3248,706,586,0
3249,706,1029,0
3250,706,282,0
3251,706,98,0
3252,706,702,0
3253,706,1211,0
3254,706,1310,0
3255,706,980,0
3256,706,1176,0
3257,706,6,0
3258,706,1147,0
3259,706,1115,0
3260,706,808,0
3261,706,352,0
3262,706,432,0
3263,706,560,0
3264,706,554,0
3265,706,779,0
3266,706,124,0
3267,706,705,0
3268,706,732,0
3269,706,935,0
3270,706,730,0
3271,706,872,0
3272,706,1335,0
3273,706,1049,0
3274,706,34,0
3275,706,1101,0
3276,706,89,0
3277,706,1120,0
3278,706,18,0
3279,706,452,0
3280,706,1318,0
3281,706,1151,0
3282,706,52,0
3283,706,1302,0
3284,706,614,0
3285,706,1196,0
3286,706,468,0
3287,706,327,0
3288,706,745,0
3289,706,656,0
3290,706,474,0
3291,706,1280,0
3292,706,43,0
3293,706,782,0
3294,706,583,0
3295,706,311,0
3296,706,941,0
3297,706,697,0
3298,706,199,0
3299,706,1098,0
3300,706,1307,0
3301,706,878,0
3302,706,37,0
3303,706,1388,0
3304,706,169,0
3305,706,436,0
3306,706,109,0
3307,706,762,0
3308,706,778,0
3309,706,123,0
3310,706,449,0
3311,706,1017,0
3312,706,545,0
3313,706,974,0
3314,706,1144,0
3315,706,1090,0
3316,706,684,0
3317,706,910,0
3318,706,38,0
3319,706,1364,0
3320,706,460,0
3321,706,1194,0
3322,706,597,0
3323,706,840,0
3324,706,673,0
3325,706,1248,0
3326,706,1055,0
3327,706,1016,0
3328,706,1146,0
3329,706,419,0
3330,706,860,0
3331,706,1322,0
3332,706,837,0
3333,706,58,0
3334,706,764,0
3335,706,1237,0
3336,706,336,0
3337,706,831,0
3338,706,605,0
3339,706,217,0
3340,706,921,0
3341,706,1078,0
3342,706,13,0
3343,706,193,0
3344,706,188,0
3345,706,584,0
3346,706,512,0
3347,706,784,0
3348,706,439,0
3349,706,312,0
3350,706,994,0
3351,706,175,0
3352,706,1108,0
3353,706,491,0
3354,706,326,0
3355,706,1343,0
3356,706,291,0
3357,706,165,0
3358,706,585,0
3359,706,177,0
3360,706,763,0
3361,706,838,0
3362,706,36,0
3363,706,573,0
3364,706,667,0
3365,706,459,0
3366,706,1087,0
3367,706,803,0
3368,706,229,0
3369,706,194,0
3370,706,789,0
3371,706,292,0
3372,706,572,0
3373,706,998,0
3374,706,665,0
3375,706,1395,0
3376,706,1131,0
3377,706,563,0
3378,706,0,0
3379,706,633,0
3380,706,446,0
3381,706,337,0
3382,706,869,0
3383,706,1301,0
3384,717,1113,0
3385,717,135,0
3386,717,1094,1
3387,717,309,0
3388,717,499,0
3389,717,1073,1
3390,717,45,0
3391,717,493,0
3392,717,354,0
3393,717,267,1
3394,717,400,0
3395,717,1336,1
3396,717,172,1
3397,717,916,0
3398,717,903,0
3399,717,276,0
3400,717,1128,0
3401,717,229,0
3402,717,84,0
3403,717,147,0
3404,717,549,1
3405,717,90,0
3406,717,1151,1
3407,717,437,0
3408,717,250,0
3409,717,358,0
3410,717,27,1
3411,717,20,1
3412,717,520,1
3413,717,1375,0
3414,717,1014,0
3415,717,195,0
3416,717,907,0
3417,717,818,0
3418,717,926,0
3419,717,1400,0
3420,717,658,0
3421,717,173,0
3422,717,217,0
3423,717,89,1
3424,717,675,0
3425,717,602,0
3426,717,340,1
3427,717,145,1
3428,717,1118,1
3429,717,827,0
3430,717,483,0
3431,717,1190,1
3432,717,1214,0
3433,717,188,0
3434,717,743,1
3435,717,895,1
3436,717,760,0
3437,717,391,1
3438,717,74,0
3439,717,352,0
3440,717,100,0
3441,717,639,0
3442,717,694,1
3443,717,902,0
3444,717,378,0
3445,717,273,1
3446,717,1029,0
3447,717,426,0
3448,717,1010,0
3449,717,1078,1
3450,717,112,0
3451,717,843,0
3452,717,835,1
3453,717,1040,0
3454,717,1195,0
3455,717,644,1
3456,717,29,0
3457,717,991,0
3458,717,1330,1
3459,717,305,0
3460,717,588,0
3461,717,1106,0
3462,717,33,1
3463,717,1350,1
3464,717,64,1
3465,717,872,1
3466,717,821,0
3467,717,631,0
3468,717,1079,0
3469,717,0,1
3470,717,984,0
3471,717,1311,0
3472,717,1290,0
3473,717,306,1
3474,717,359,0
3475,717,208,1
3476,717,968,0
3477,717,443,0
3478,717,506,0
3479,717,1112,0
3480,717,1161,0
3481,717,1227,0
3482,717,1153,0
3483,717,795,0
3484,717,1316,0
3485,717,1065,0
3486,717,612,0
3487,717,448,0
3488,717,348,1
3489,717,439,0
3490,717,1243,1
3491,717,1309,0
3492,717,103,0
3493,717,376,0
3494,717,964,0
3495,717,518,0
3496,717,1234,0
3497,717,928,0
3498,717,861,0
3499,717,744,0
3500,717,585,0
3501,717,24,1
3502,717,1385,0
3503,717,852,0
3504,717,78,0
3505,717,925,1
3506,717,953,0
3507,717,1355,1
3508,717,772,0
3509,717,1306,1
3510,717,1280,1
3511,717,948,0
3512,717,584,1
3513,717,1232,0
3514,717,193,1
3515,717,364,1
3516,717,1386,0
3517,717,798,1
3518,717,618,0
3519,717,664,0
3520,717,1157,0
3521,717,600,0
3522,717,510,0
3523,717,313,0
3524,717,769,0
3525,717,698,0
3526,717,1038,0
3527,717,1185,0
3528,717,714,0
3529,717,393,1
3530,717,687,0
3531,717,1174,0
3532,717,80,1
3533,717,275,0
3534,717,197,1
3535,717,157,0
3536,717,101,0
3537,717,301,0
3538,717,1335,0
3539,717,362,1
3540,717,870,0
3541,717,436,0
3542,717,1198,0
3543,717,140,0
3544,717,460,1
3545,717,162,0
3546,717,30,1
3547,717,1325,0
3548,717,1317,0
3549,717,1192,1
3550,717,719,1
3551,717,1231,0
3552,717,1126,0
3553,717,1045,0
3554,717,212,0
3555,717,582,0
3556,717,1238,0
3557,717,924,0
3558,717,533,0
3559,717,825,0
3560,717,285,1
3561,717,940,1
3562,717,599,1
3563,717,706,0
3564,717,394,0
3565,717,177,0
3566,717,817,1
3567,717,970,0
3568,717,995,0
3569,717,1209,0
3570,717,725,1
3571,717,310,0
3572,727,127,0
3573,727,766,0
3574,727,1301,0
3575,727,377,0
3576,727,653,0
3577,727,1275,0
3578,727,1085,0
3579,727,773,0
3580,727,694,0
3581,727,503,0
3582,727,116,0
3583,727,803,0
3584,727,1009,0
3585,727,1060,0
3586,727,390,0
3587,727,897,0
3588,727,956,0
3589,727,266,0
3590,727,1337,0
3591,727,9,0
3592,727,693,0
3593,727,705,0
3594,727,111,0
3595,727,7,0
3596,727,588,0
3597,727,719,0
3598,727,480,0
3599,727,286,0
3600,727,294,0
3601,727,664,0
3602,727,1136,0
3603,727,1068,0
3604,727,1054,0
3605,727,433,0
3606,727,161,0
3607,727,477,0
3608,727,767,0
3609,727,910,0
3610,727,836,0
3611,727,181,0
3612,727,396,0
3613,727,1140,0
3614,727,1077,0
3615,727,479,0
3616,727,631,0
3617,727,612,0
3618,727,973,0
3619,727,1251,0
3620,727,1327,0
3621,727,274,0
3622,727,775,0
3623,727,193,0
3624,727,1276,0
3625,727,967,0
3626,727,961,0
3627,727,882,0
3628,727,637,0
3629,727,1167,0
3630,727,458,0
3631,727,454,0
3632,727,842,0
3633,727,898,0
3634,727,118,0
3635,727,850,0
3636,727,968,0
3637,727,1076,0
3638,727,441,0
3639,727,1001,0
3640,727,987,0
3641,727,421,0
3642,727,1175,0
3643,727,751,0
3644,727,1205,0
3645,727,444,0
3646,727,735,0
3647,727,440,0
3648,727,1254,0
3649,727,970,0
3650,727,88,0
3651,727,903,0
3652,727,598,0
3653,727,913,0
3654,727,1334,0
3655,727,662,0
3656,727,67,0
3657,727,387,0
3658,727,901,0
3659,727,1059,0
3660,727,428,0
3661,727,1108,0
3662,727,1034,0
3663,727,858,0
3664,727,295,0
3665,727,742,0
3666,727,499,0
3667,727,257,1
3668,727,354,0
3669,727,494,0
3670,727,456,0
3671,727,849,0
3672,727,1122,0
3673,727,51,0
3674,727,619,0
3675,727,1236,0
3676,727,531,1
3677,727,1014,0
3678,727,1095,0
3679,727,1035,0
3680,727,1141,0
3681,727,123,0
3682,727,222,0
3683,727,866,0
3684,727,792,0
3685,727,1309,0
3686,727,591,0
3687,727,1117,0
3688,727,636,0
3689,727,1362,0
3690,727,1233,0
3691,727,410,0
3692,727,339,0
3693,727,252,0
3694,727,250,0
3695,727,1325,0
3696,727,120,0
3697,727,508,0
3698,727,801,0
3699,727,947,0
3700,727,1080,0
3701,727,284,0
3702,727,382,0
3703,727,244,0
3704,727,370,0
3705,727,21,0
3706,727,1107,0
3707,727,289,0
3708,727,1212,0
3709,727,82,0
3710,727,243,0
3711,727,122,0
3712,727,642,0
3713,727,855,0
3714,727,1164,0
3715,727,369,0
3716,727,1292,0
3717,727,1333,0
3718,727,107,0
3719,727,356,0
3720,727,319,0
3721,727,520,0
3722,727,217,0
3723,727,342,0
3724,727,697,0
3725,727,1300,0
3726,727,1306,0
3727,727,1132,0
3728,727,1044,0
3729,727,1093,0
3730,727,966,0
3731,727,1000,0
3732,727,1277,0
3733,727,1139,0
3734,727,1155,0
3735,727,14,0
3736,727,877,0
3737,727,1299,0
3738,727,585,0
3739,727,962,0
3740,727,597,0
3741,727,1197,0
3742,727,708,0
3743,727,1247,0
3744,727,905,0
3745,727,550,0
3746,727,856,0
3747,727,470,0
3748,727,106,0
3749,727,510,0
3750,727,200,0
3751,727,1173,0
3752,727,954,0
3753,727,1401,0
3754,727,670,0
3755,727,1053,0
3756,727,1351,0
3757,727,1274,0
3758,727,126,0
3759,727,56,0
3760,822,778,0
3761,822,1034,0
3762,822,390,0
3763,822,1289,0
3764,822,965,0
3765,822,1065,1
3766,822,91,0
3767,822,999,0
3768,822,277,0
3769,822,334,0
3770,822,634,0
3771,822,412,0
3772,822,305,0
3773,822,1247,0
3774,822,961,0
3775,822,530,0
3776,822,711,0
3777,822,1309,0
3778,822,1227,0
3779,822,313,0
3780,822,1156,0
3781,822,1109,0
3782,822,580,0
3783,822,298,0
3784,822,1199,0
3785,822,538,0
3786,822,555,0
3787,822,567,0
3788,822,785,0
3789,822,754,0
3790,822,1241,0
3791,822,249,0
3792,822,56,0
3793,822,834,0
3794,822,929,0
3795,822,1291,0
3796,822,698,0
3797,822,342,0
3798,822,26,0
3799,822,485,0
3800,822,937,0
3801,822,1188,0
3802,822,1323,0
3803,822,614,0
3804,822,329,0
3805,822,222,0
3806,822,1003,1
3807,822,921,0
3808,822,1022,0
3809,822,623,0
3810,822,952,0
3811,822,41,0
3812,822,23,0
3813,822,548,0
3814,822,1324,0
3815,822,141,0
3816,822,1379,0
3817,822,344,0
3818,822,507,0
3819,822,1296,0
3820,822,62,0
3821,822,1025,0
3822,822,931,0
3823,822,283,0
3824,822,406,0
3825,822,615,0
3826,822,648,0
3827,822,11,0
3828,822,854,0
3829,822,841,0
3830,822,1009,0
3831,822,82,0
3832,822,69,0
3833,822,916,0
3834,822,780,0
3835,822,1011,0
3836,822,651,0
3837,822,756,0
3838,822,246,1
3839,822,816,0
3840,822,903,0
3841,822,1221,0
3842,822,1108,0
3843,822,692,0
3844,822,1056,0
3845,822,1041,0
3846,822,1141,0
3847,822,1222,0
3848,822,833,0
3849,822,978,0
3850,822,1389,0
3851,822,1069,0
3852,822,1268,0
3853,822,28,0
3854,822,402,0
3855,822,103,0
3856,822,1316,0
3857,822,374,0
3858,822,760,0
3859,822,320,0
3860,822,1290,0
3861,822,1354,0
3862,822,537,0
3863,822,1230,0
3864,822,802,0
3865,822,741,0
3866,822,396,0
3867,822,57,0
3868,822,1406,0
3869,822,795,0
3870,822,146,0
3871,822,1370,0
3872,822,127,0
3873,822,459,0
3874,822,710,0
3875,822,458,0
3876,822,1154,1
3877,822,842,0
3878,822,269,1
3879,822,640,1
3880,822,1021,0
3881,822,229,0
3882,822,255,0
3883,822,1170,0
3884,822,824,0
3885,822,637,0
3886,822,284,0
3887,822,446,0
3888,822,303,0
3889,822,777,0
3890,822,753,0
3891,822,122,0
3892,822,857,0
3893,822,394,0
3894,822,920,0
3895,822,488,0
3896,822,498,0
3897,822,863,0
3898,822,517,0
3899,822,748,0
3900,822,1020,0
3901,822,1197,0
3902,822,1157,0
3903,822,30,0
3904,822,178,0
3905,822,285,0
3906,822,674,0
3907,822,624,1
3908,822,1007,0
3909,822,98,0
3910,822,188,0
3911,822,1124,0
3912,822,1374,0
3913,822,806,0
3914,822,1037,0
3915,822,131,0
3916,822,387,0
3917,822,509,0
3918,822,1180,0
3919,822,172,0
3920,822,441,0
3921,822,315,0
3922,822,1216,0
3923,822,410,0
3924,822,788,0
3925,822,1073,0
3926,822,1403,0
3927,822,226,0
3928,822,268,0
3929,822,1367,0
3930,822,779,0
3931,822,171,0
3932,822,1393,0
3933,822,1240,0
3934,822,922,0
3935,822,248,0
3936,822,768,0
3937,822,29,0
3938,822,1363,0
3939,822,898,0
3940,822,1319,0
3941,822,1315,0
3942,822,361,0
3943,822,457,0
3944,822,985,0
3945,822,236,0
3946,822,1360,0
3947,822,603,0
3948,890,1099,1
3949,890,991,0
3950,890,233,0
3951,890,707,0
3952,890,1404,0
3953,890,101,0
3954,890,446,0
3955,890,249,0
3956,890,1036,0
3957,890,694,0
3958,890,1320,0
3959,890,908,0
3960,890,997,0
3961,890,701,0
3962,890,99,0
3963,890,1223,0
3964,890,805,0
3965,890,342,1
3966,890,1268,0
3967,890,132,0
3968,890,777,1
3969,890,1087,1
3970,890,13,0
3971,890,1080,0
3972,890,766,0
3973,890,1240,0
3974,890,198,0
3975,890,968,0
3976,890,937,0
3977,890,1359,0
3978,890,679,0
3979,890,1075,0
3980,890,255,0
3981,890,1117,0
3982,890,161,1
3983,890,429,0
3984,890,1254,0
3985,890,778,0
3986,890,1222,0
3987,890,565,0
3988,890,433,0
3989,890,564,0
3990,890,1255,0
3991,890,987,0
3992,890,1051,0
3993,890,55,0
3994,890,59,0
3995,890,1209,0
3996,890,1228,0
3997,890,86,0
3998,890,239,0
3999,890,877,1
4000,890,612,0
4001,890,1352,0
4002,890,888,0
4003,890,683,0
4004,890,1182,0
4005,890,269,1
4006,890,1215,1
4007,890,1231,0
4008,890,33,0
4009,890,704,0
4010,890,331,0
4011,890,337,0
4012,890,305,0
4013,890,83,0
4014,890,39,0
4015,890,718,0
4016,890,990,0
4017,890,699,1
4018,890,825,0
4019,890,1238,0
4020,890,534,0
4021,890,2,1
4022,890,1353,0
4023,890,688,0
4024,890,1270,1
4025,890,554,1
4026,890,1401,0
4027,890,1197,0
4028,890,1321,0
4029,890,922,0
4030,890,348,0
4031,890,774,1
4032,890,976,0
4033,890,1108,0
4034,890,1372,0
4035,890,1253,0
4036,890,410,0
4037,890,1115,0
4038,890,1217,0
4039,890,983,0
4040,890,177,0
4041,890,465,0
4042,890,314,0
4043,890,56,0
4044,890,1016,0
4045,890,664,0
4046,890,900,0
4047,890,677,0
4048,890,1273,0
4049,890,1265,0
4050,890,757,0
4051,890,227,0
4052,890,796,0
4053,890,822,0
4054,890,426,0
4055,890,345,0
4056,890,826,1
4057,890,159,0
4058,890,1098,0
4059,890,1337,0
4060,890,820,0
4061,890,323,0
4062,890,1342,0
4063,890,1341,0
4064,890,240,0
4065,890,596,0
4066,890,47,0
4067,890,914,0
4068,890,646,0
4069,890,1367,0
4070,890,469,0
4071,890,1377,0
4072,890,761,0
4073,890,628,0
4074,890,1308,0
4075,890,798,0
4076,890,1294,1
4077,890,369,0
4078,890,1388,0
4079,890,1126,0
4080,890,1078,0
4081,890,716,0
4082,890,1335,0
4083,890,868,0
4084,890,787,0
4085,890,594,0
4086,890,1164,0
4087,890,1069,0
4088,890,1043,0
4089,890,152,0
4090,890,208,0
4091,890,137,0
4092,890,484,0
4093,890,1123,0
4094,890,307,0
4095,890,385,0
4096,890,790,1
4097,890,510,0
4098,890,1171,1
4099,890,306,0
4100,890,532,0
4101,890,1140,0
4102,890,1247,1
4103,890,1348,0
4104,890,823,0
4105,890,623,0
4106,890,105,1
4107,890,375,0
4108,890,418,0
4109,890,581,0
4110,890,746,0
4111,890,965,0
4112,890,1002,0
4113,890,401,0
4114,890,145,0
4115,890,1208,0
4116,890,605,0
4117,890,1378,1
4118,890,400,0
4119,890,1286,0
4120,890,268,0
4121,890,562,0
4122,890,1269,1
4123,890,377,0
4124,890,1134,0
4125,890,441,0
4126,890,388,0
4127,890,286,0
4128,890,389,0
4129,890,63,0
4130,890,1290,0
4131,890,1314,0
4132,890,959,0
4133,890,187,0
4134,890,172,0
4135,890,1251,0
4136,955,805,0
4137,955,838,0
4138,955,1279,0
4139,955,1173,0
4140,955,942,0
4141,955,1211,0
4142,955,1268,0
4143,955,395,0
4144,955,208,0
4145,955,1046,0
4146,955,249,0
4147,955,677,0
4148,955,1276,0
4149,955,1317,0
4150,955,934,0
4151,955,204,0
4152,955,666,0
4153,955,202,0
4154,955,329,0
4155,955,100,0
4156,955,972,0
4157,955,89,0
4158,955,1111,0
4159,955,104,0
4160,955,1198,0
4161,955,464,0
4162,955,998,0
4163,955,1098,0
4164,955,1136,0
4165,955,958,0
4166,955,123,0
4167,955,1212,0
4168,955,1014,0
4169,955,396,0
4170,955,74,0
4171,955,330,0
4172,955,1200,0
4173,955,971,0
4174,955,122,1
4175,955,746,0
4176,955,785,0
4177,955,533,0
4178,955,35,0
4179,955,555,0
4180,955,1270,1
4181,955,529,0
4182,955,1223,1
4183,955,829,0
4184,955,617,0
4185,955,82,0
4186,955,42,1
4187,955,311,0
4188,955,550,0
4189,955,990,0
4190,955,476,0
4191,955,505,0
4192,955,1319,0
4193,955,499,0
4194,955,145,0
4195,955,771,0
4196,955,836,0
4197,955,440,0
4198,955,1375,0
4199,955,747,0
4200,955,1086,0
4201,955,1096,0
4202,955,552,1
4203,955,996,0
4204,955,566,0
4205,955,1201,0
4206,955,557,0
4207,955,903,0
4208,955,1035,0
4209,955,841,0
4210,955,64,0
4211,955,627,0
4212,955,266,0
4213,955,45,0
4214,955,409,1
4215,955,1122,1
4216,955,509,0
4217,955,542,0
4218,955,651,0
4219,955,435,0
4220,955,822,0
4221,955,445,0
4222,955,686,0
4223,955,345,0
4224,955,63,1
4225,955,574,0
4226,955,118,0
4227,955,5,0
4228,955,1216,0
4229,955,421,0
4230,955,432,0
4231,955,392,0
4232,955,1178,0
4233,955,443,0
4234,955,1234,0
4235,955,452,1
4236,955,159,0
4237,955,730,0
4238,955,809,0
4239,955,915,0
4240,955,1002,0
4241,955,121,0
4242,955,569,0
4243,955,1119,0
4244,955,540,0
4245,955,260,0
4246,955,1037,0
4247,955,1127,0
4248,955,1248,0
4249,955,1155,0
4250,955,989,0
4251,955,110,1
4252,955,454,0
4253,955,774,1
4254,955,914,0
4255,955,537,0
4256,955,964,0
4257,955,1337,0
4258,955,14,0
4259,955,490,0
4260,955,593,0
4261,955,1105,0
4262,955,177,0
4263,955,508,0
4264,955,1256,0
4265,955,54,0
4266,955,151,0
4267,955,183,0
4268,955,1206,1
4269,955,1116,0
4270,955,1260,0
4271,955,1258,0
4272,955,325,1
4273,955,358,0
4274,955,923,0
4275,955,547,0
4276,955,1400,0
4277,955,937,0
4278,955,271,1
4279,955,29,0
4280,955,641,0
4281,955,1141,0
4282,955,608,0
4283,955,837,0
4284,955,1394,0
4285,955,397,0
4286,955,1296,0
4287,955,835,0
4288,955,1384,0
4289,955,475,0
4290,955,965,0
4291,955,582,0
4292,955,768,0
4293,955,1018,0
4294,955,489,0
4295,955,705,0
4296,955,631,0
4297,955,1336,0
4298,955,563,0
4299,955,1327,1
4300,955,383,0
4301,955,1103,0
4302,955,150,0
4303,955,1020,0
4304,955,1144,0
4305,955,226,0
4306,955,1341,0
4307,955,1244,0
4308,955,463,0
4309,955,1034,0
4310,955,664,0
4311,955,388,0
4312,955,1291,0
4313,955,628,0
4314,955,1196,0
4315,955,1022,0
4316,955,527,0
4317,955,906,0
4318,955,799,0
4319,955,674,0
4320,955,1094,1
4321,955,360,0
4322,955,658,0
4323,955,34,0
4324,973,410,0
4325,973,1100,1
4326,973,339,1
4327,973,1143,1
4328,973,289,1
4329,973,292,1
4330,973,13,1
4331,973,822,1
4332,973,525,1
4333,973,636,0
4334,973,715,0
4335,973,110,1
4336,973,398,0
4337,973,1072,1
4338,973,859,0
4339,973,1190,0
4340,973,733,1
4341,973,813,0
4342,973,740,0
4343,973,627,0
4344,973,950,1
4345,973,450,1
4346,973,719,0
4347,973,1082,1
4348,973,1090,0
4349,973,771,0
4350,973,245,1
4351,973,1226,0
4352,973,64,0
4353,973,1014,0
4354,973,51,0
4355,973,800,1
4356,973,328,1
4357,973,517,0
4358,973,925,0
4359,973,1273,0
4360,973,267,0
4361,973,91,0
4362,973,96,0
4363,973,122,0
4364,973,751,1
4365,973,1389,0
4366,973,1162,0
4367,973,1153,0
4368,973,907,1
4369,973,261,0
4370,973,505,0
4371,973,1317,1
4372,973,869,0
4373,973,447,0
4374,973,951,1
4375,973,1278,1
4376,973,1134,1
4377,973,815,1
4378,973,1103,0
4379,973,397,1
4380,973,161,1
4381,973,700,0
4382,973,526,0
4383,973,209,1
4384,973,768,1
4385,973,1123,0
4386,973,561,0
4387,973,159,0
4388,973,892,0
4389,973,116,1
4390,973,717,0
4391,973,1047,0
4392,973,1407,0
4393,973,1230,1
4394,973,1303,0
4395,973,1040,0
4396,973,652,1
4397,973,823,1
4398,973,854,1
4399,973,866,0
4400,973,1266,1
4401,973,594,0
4402,973,7,0
4403,973,20,0
4404,973,1388,0
4405,973,1060,0
4406,973,1383,1
4407,973,1181,0
4408,973,1341,0
4409,973,675,0
4410,973,547,0
4411,973,781,1
4412,973,1144,0
4413,973,1065,1
4414,973,362,1
4415,973,1164,1
4416,973,1262,0
4417,973,1310,1
4418,973,76,0
4419,973,924,1
4420,973,989,1
4421,973,224,0
4422,973,417,1
4423,973,160,1
4424,973,1378,0
4425,973,467,0
4426,973,803,0
4427,973,609,0
4428,973,686,1
4429,973,89,0
4430,973,695,0
4431,973,1064,0
4432,973,685,0
4433,973,14,0
4434,973,1265,1
4435,973,908,0
4436,973,563,0
4437,973,1216,0
4438,973,858,0
4439,973,744,0
4440,973,172,0
4441,973,1393,1
4442,973,969,1
4443,973,678,1
4444,973,84,0
4445,973,199,1
4446,973,1358,0
4447,973,643,1
4448,973,430,0
4449,973,1294,1
4450,973,732,0
4451,973,1225,0
4452,973,915,0
4453,973,868,0
4454,973,1197,0
4455,973,818,1
4456,973,1325,0
4457,973,300,0
4458,973,849,1
4459,973,955,0
4460,973,258,1
4461,973,1376,1
4462,973,307,0
4463,973,445,0
4464,973,647,0
4465,973,936,0
4466,973,44,0
4467,973,269,1
4468,973,1202,0
4469,973,1147,0
4470,973,207,0
4471,973,401,0
4472,973,484,0
4473,973,71,0
4474,973,777,0
4475,973,187,1
4476,973,929,1
4477,973,1079,0
4478,973,885,0
4479,973,1026,0
4480,973,1401,0
4481,973,1043,1
4482,973,477,0
4483,973,1264,0
4484,973,657,0
4485,973,742,0
4486,973,899,0
4487,973,776,1
4488,973,1002,0
4489,973,1241,1
4490,973,734,1
4491,973,101,0
4492,973,1395,0
4493,973,1335,1
4494,973,614,0
4495,973,5,0
4496,973,221,0
4497,973,1107,0
4498,973,741,0
4499,973,155,1
4500,973,1220,0
4501,973,782,0
4502,973,1126,0
4503,973,1306,0
4504,973,1280,1
4505,973,842,0
4506,973,580,1
4507,973,1257,1
4508,973,404,1
4509,973,664,0
4510,973,1010,0
4511,973,210,1
4512,989,339,0
4513,989,29,0
4514,989,1088,0
4515,989,1025,0
4516,989,1355,0
4517,989,455,1
4518,989,1371,0
4519,989,791,0
4520,989,465,0
4521,989,1207,0
4522,989,1252,0
4523,989,619,1
4524,989,1125,1
4525,989,1084,0
4526,989,843,0
4527,989,1268,1
4528,989,747,0
4529,989,577,0
4530,989,447,0
4531,989,815,1
4532,989,16,1
4533,989,336,0
4534,989,342,1
4535,989,703,0
4536,989,1351,0
4537,989,808,1
4538,989,1007,0
4539,989,197,0
4540,989,1141,0
4541,989,155,0
4542,989,247,1
4543,989,229,1
4544,989,111,0
4545,989,659,0
4546,989,693,1
4547,989,1077,1
4548,989,76,1
4549,989,1090,0
4550,989,353,0
4551,989,432,0
4552,989,1015,0
4553,989,1204,0
4554,989,1361,0
4555,989,295,0
4556,989,271,0
4557,989,573,1
4558,989,668,0
4559,989,846,1
4560,989,892,0
4561,989,108,0
4562,989,146,0
4563,989,1095,0
4564,989,639,0
4565,989,454,1
4566,989,477,1
4567,989,1048,1
4568,989,1234,0
4569,989,1301,0
4570,989,493,0
4571,989,1336,0
4572,989,978,0
4573,989,528,1
4574,989,1152,0
4575,989,559,1
4576,989,1265,1
4577,989,255,1
4578,989,723,1
4579,989,87,0
4580,989,578,1
4581,989,899,0
4582,989,213,0
4583,989,702,1
4584,989,949,0
4585,989,523,1
4586,989,1222,1
4587,989,597,0
4588,989,200,0
4589,989,748,0
4590,989,1018,0
4591,989,1119,1
4592,989,1031,0
4593,989,860,0
4594,989,615,0
4595,989,570,0
4596,989,191,0
4597,989,1049,0
4598,989,1073,0
4599,989,1379,0
4600,989,475,0
4601,989,977,1
4602,989,1237,1
4603,989,1047,1
4604,989,713,0
4605,989,73,1
4606,989,522,0
4607,989,81,0
4608,989,182,0
4609,989,44,0
4610,989,1273,0
4611,989,494,0
4612,989,126,0
4613,989,698,1
4614,989,505,0
4615,989,1118,0
4616,989,1331,1
4617,989,952,0
4618,989,503,0
4619,989,1129,0
4620,989,501,0
4621,989,758,0
4622,989,434,0
4623,989,179,0
4624,989,259,0
4625,989,1087,1
4626,989,515,0
4627,989,20,0
4628,989,896,0
4629,989,1196,0
4630,989,692,0
4631,989,327,1
4632,989,697,0
4633,989,1296,0
4634,989,466,0
4635,989,240,0
4636,989,228,0
4637,989,812,1
4638,989,718,0
4639,989,1318,0
4640,989,617,0
4641,989,290,0
4642,989,1142,1
4643,989,527,0
4644,989,221,1
4645,989,1367,1
4646,989,1390,0
4647,989,1225,1
4648,989,85,0
4649,989,423,0
4650,989,642,0
4651,989,1323,0
4652,989,1223,0
4653,989,910,0
4654,989,1061,0
4655,989,67,0
4656,989,1150,0
4657,989,842,0
4658,989,138,0
4659,989,1000,0
4660,989,1401,0
4661,989,1341,0
4662,989,844,0
4663,989,627,0
4664,989,419,0
4665,989,620,1
4666,989,438,0
4667,989,1322,0
4668,989,1172,0
4669,989,579,0
4670,989,428,1
4671,989,1387,0
4672,989,320,0
4673,989,319,0
4674,989,676,0
4675,989,32,0
4676,989,215,0
4677,989,787,0
4678,989,1304,1
4679,989,709,0
4680,989,1407,0
4681,989,655,0
4682,989,710,0
4683,989,576,0
4684,989,487,0
4685,989,1247,0
4686,989,1074,1
4687,989,979,0
4688,989,589,1
4689,989,767,0
4690,989,248,0
4691,989,69,0
4692,989,794,0
4693,989,496,1
4694,989,1312,0
4695,989,267,1
4696,989,1006,0
4697,989,1089,0
4698,989,583,0
4699,989,769,1
4700,996,128,0
4701,996,1161,0
4702,996,1025,0
4703,996,81,0
4704,996,328,0
4705,996,48,0
4706,996,974,0
4707,996,483,0
4708,996,825,0
4709,996,995,0
4710,996,258,0
4711,996,1220,0
4712,996,548,0
4713,996,326,0
4714,996,681,0
4715,996,984,0
4716,996,173,0
4717,996,922,0
4718,996,333,0
4719,996,320,0
4720,996,950,0
4721,996,210,0
4722,996,1363,0
4723,996,1135,0
4724,996,667,0
4725,996,629,0
4726,996,727,0
4727,996,1240,0
4728,996,736,0
4729,996,838,0
4730,996,703,0
4731,996,511,0
4732,996,696,0
4733,996,1293,0
4734,996,1116,0
4735,996,428,0
4736,996,1154,0
4737,996,499,0
4738,996,1264,0
4739,996,411,1
4740,996,972,0
4741,996,1122,1
4742,996,437,0
4743,996,1338,0
4744,996,324,0
4745,996,975,0
4746,996,1199,0
4747,996,702,1
4748,996,739,0
4749,996,57,0
4750,996,313,0
4751,996,733,0
4752,996,212,0
4753,996,369,0
4754,996,808,0
4755,996,323,0
4756,996,263,0
4757,996,1126,0
4758,996,1407,0
4759,996,170,0
4760,996,925,0
4761,996,330,0
4762,996,1016,0
4763,996,475,0
4764,996,569,1
4765,996,939,0
4766,996,359,0
4767,996,91,0
4768,996,783,0
4769,996,209,0
4770,996,431,0
4771,996,1003,0
4772,996,146,0
4773,996,1296,0
4774,996,1379,0
4775,996,360,1
4776,996,464,0
4777,996,199,0
4778,996,1370,0
4779,996,568,0
4780,996,1147,0
4781,996,1083,0
4782,996,791,1
4783,996,427,0
4784,996,1408,0
4785,996,1206,0
4786,996,716,0
4787,996,365,0
4788,996,1331,0
4789,996,2,0
4790,996,1369,0
4791,996,502,0
4792,996,493,1
4793,996,303,0
4794,996,470,0
4795,996,453,0
4796,996,868,0
4797,996,177,0
4798,996,1360,0
4799,996,1101,0
4800,996,252,0
4801,996,844,0
4802,996,232,0
4803,996,1142,0
4804,996,598,1
4805,996,986,0
4806,996,724,0
4807,996,29,0
4808,996,616,0
4809,996,1287,1
4810,996,1060,0
4811,996,147,0
4812,996,623,0
4813,996,96,0
4814,996,1325,0
4815,996,1050,0
4816,996,1380,0
4817,996,604,0
4818,996,76,0
4819,996,576,0
4820,996,926,0
4821,996,1277,0
4822,996,1234,0
4823,996,1284,0
4824,996,1194,0
4825,996,878,0
4826,996,309,0
4827,996,1216,0
4828,996,331,0
4829,996,723,0
4830,996,965,0
4831,996,54,0
4832,996,87,0
4833,996,1276,0
4834,996,1056,0
4835,996,895,1
4836,996,911,0
4837,996,308,0
4838,996,172,0
4839,996,785,0
4840,996,599,0
4841,996,279,0
4842,996,1330,0
4843,996,175,0
4844,996,744,0
4845,996,1039,0
4846,996,933,0
4847,996,425,0
4848,996,285,0
4849,996,343,0
4850,996,637,0
4851,996,356,0
4852,996,382,0
4853,996,789,0
4854,996,847,0
4855,996,669,0
4856,996,635,0
4857,996,24,0
4858,996,93,0
4859,996,1367,1
4860,996,726,0
4861,996,1138,0
4862,996,767,0
4863,996,948,0
4864,996,10,1
4865,996,1311,0
4866,996,368,1
4867,996,842,0
4868,996,1238,0
4869,996,1187,1
4870,996,94,0
4871,996,886,0
4872,996,677,0
4873,996,1298,0
4874,996,856,0
4875,996,58,0
4876,996,72,1
4877,996,1145,0
4878,996,963,0
4879,996,1386,0
4880,996,923,0
4881,996,321,1
4882,996,560,1
4883,996,124,0
4884,996,536,0
4885,996,1308,0
4886,996,1226,0
4887,996,1202,0
4888,1028,423,0
4889,1028,27,0
4890,1028,494,0
4891,1028,359,0
4892,1028,144,1
4893,1028,100,0
4894,1028,1183,0
4895,1028,795,0
4896,1028,94,0
4897,1028,472,0
4898,1028,1087,1
4899,1028,626,0
4900,1028,38,1
4901,1028,699,0
4902,1028,1095,0
4903,1028,1010,0
4904,1028,1271,0
4905,1028,176,0
4906,1028,565,0
4907,1028,167,0
4908,1028,969,0
4909,1028,1111,0
4910,1028,520,0
4911,1028,147,1
4912,1028,54,0
4913,1028,166,0
4914,1028,63,1
4915,1028,980,0
4916,1028,417,1
4917,1028,1408,1
4918,1028,848,0
4919,1028,780,0
4920,1028,584,1
4921,1028,967,1
4922,1028,327,1
4923,1028,1308,1
4924,1028,34,0
4925,1028,217,0
4926,1028,628,0
4927,1028,942,0
4928,1028,1246,0
4929,1028,589,0
4930,1028,860,1
4931,1028,534,0
4932,1028,788,1
4933,1028,604,0
4934,1028,1257,1
4935,1028,1375,0
4936,1028,175,0
4937,1028,673,0
4938,1028,647,0
4939,1028,1017,0
4940,1028,216,0
4941,1028,933,0
4942,1028,781,0
4943,1028,1409,0
4944,1028,812,0
4945,1028,1404,0
4946,1028,130,0
4947,1028,859,0
4948,1028,476,0
4949,1028,15,1
4950,1028,719,0
4951,1028,617,0
4952,1028,621,1
4953,1028,300,0
4954,1028,669,0
4955,1028,290,1
4956,1028,276,0
4957,1028,255,0
4958,1028,336,0
4959,1028,910,0
4960,1028,1366,1
4961,1028,358,0
4962,1028,958,0
4963,1028,600,0
4964,1028,316,0
4965,1028,1332,0
4966,1028,1103,0
4967,1028,755,0
4968,1028,501,0
4969,1028,1158,0
4970,1028,1006,0
4971,1028,1377,1
4972,1028,318,0
4973,1028,996,1
4974,1028,1178,1
4975,1028,123,1
4976,1028,1251,1
4977,1028,551,0
4978,1028,249,1
4979,1028,1176,0
4980,1028,998,1
4981,1028,486,0
4982,1028,858,0
4983,1028,1114,1
4984,1028,7,0
4985,1028,1052,0
4986,1028,1273,0
4987,1028,625,0
4988,1028,375,0
4989,1028,1110,0
4990,1028,1259,0
4991,1028,1011,1
4992,1028,1195,1
4993,1028,162,0
4994,1028,944,0
4995,1028,194,1
4996,1028,865,0
4997,1028,771,0
4998,1028,114,1
4999,1028,105,0
5000,1028,1137,1
5001,1028,543,0
5002,1028,909,1
5003,1028,1247,0
5004,1028,1150,0
5005,1028,101,0
5006,1028,787,1
5007,1028,264,0
5008,1028,323,0
5009,1028,930,0
5010,1028,674,1
5011,1028,271,1
5012,1028,1356,0
5013,1028,214,0
5014,1028,1113,0
5015,1028,1217,0
5016,1028,667,0
5017,1028,973,1
5018,1028,458,0
5019,1028,512,0
5020,1028,210,0
5021,1028,827,0
5022,1028,558,1
5023,1028,1364,0
5024,1028,1243,0
5025,1028,750,0
5026,1028,460,0
5027,1028,623,0
5028,1028,260,0
5029,1028,190,0
5030,1028,320,0
5031,1028,28,0
5032,1028,1198,0
5033,1028,1204,0
5034,1028,415,1
5035,1028,1020,0
5036,1028,549,0
5037,1028,607,0
5038,1028,550,0
5039,1028,121,1
5040,1028,286,0
5041,1028,850,0
5042,1028,1008,0
5043,1028,663,0
5044,1028,1347,0
5045,1028,939,1
5046,1028,757,0
5047,1028,1206,1
5048,1028,1199,0
5049,1028,1157,0
5050,1028,108,1
5051,1028,587,0
5052,1028,915,0
5053,1028,396,0
5054,1028,1160,0
5055,1028,413,1
5056,1028,1212,0
5057,1028,1279,0
5058,1028,615,0
5059,1028,548,1
5060,1028,1260,0
5061,1028,870,0
5062,1028,133,1
5063,1028,513,0
5064,1028,367,0
5065,1028,241,0
5066,1028,1385,1
5067,1028,103,1
5068,1028,732,0
5069,1028,383,0
5070,1028,670,0
5071,1028,974,0
5072,1028,215,0
5073,1028,366,1
5074,1028,954,0
5075,1028,1274,1
5076,1102,311,0
5077,1102,202,0
5078,1102,870,0
5079,1102,172,0
5080,1102,413,0
5081,1102,1006,0
5082,1102,1110,0
5083,1102,143,0
5084,1102,774,0
5085,1102,330,0
5086,1102,435,0
5087,1102,985,0
5088,1102,963,0
5089,1102,347,0
5090,1102,51,0
5091,1102,932,0
5092,1102,1254,0
5093,1102,516,0
5094,1102,1146,0
5095,1102,541,0
5096,1102,201,0
5097,1102,731,0
5098,1102,825,0
5099,1102,1355,0
5100,1102,121,0
5101,1102,470,0
5102,1102,92,0
5103,1102,698,1
5104,1102,240,0
5105,1102,991,0
5106,1102,555,0
5107,1102,1086,0
5108,1102,684,0
5109,1102,155,0
5110,1102,1071,0
5111,1102,455,0
5112,1102,164,0
5113,1102,906,0
5114,1102,688,0
5115,1102,942,0
5116,1102,621,0
5117,1102,359,0
5118,1102,239,0
5119,1102,1025,0
5120,1102,1370,0
5121,1102,898,0
5122,1102,1383,0
5123,1102,1303,0
5124,1102,677,0
5125,1102,1108,0
5126,1102,1220,0
5127,1102,333,0
5128,1102,52,0
5129,1102,1381,0
5130,1102,1388,0
5131,1102,570,0
5132,1102,1169,0
5133,1102,927,0
5134,1102,220,0
5135,1102,1235,0
5136,1102,1135,0
5137,1102,1290,0
5138,1102,1017,0
5139,1102,68,0
5140,1102,916,0
5141,1102,1314,0
5142,1102,826,0
5143,1102,581,0
5144,1102,769,0
5145,1102,437,0
5146,1102,970,0
5147,1102,482,0
5148,1102,864,0
5149,1102,157,0
5150,1102,1141,0
5151,1102,1054,0
5152,1102,1029,0
5153,1102,603,0
5154,1102,11,0
5155,1102,1047,0
5156,1102,94,0
5157,1102,112,0
5158,1102,56,0
5159,1102,1217,0
5160,1102,957,0
5161,1102,319,0
5162,1102,1008,0
5163,1102,670,0
5164,1102,237,0
5165,1102,649,0
5166,1102,458,1
5167,1102,1137,0
5168,1102,1206,1
5169,1102,334,0
5170,1102,108,0
5171,1102,399,0
5172,1102,1143,0
5173,1102,161,0
5174,1102,1356,0
5175,1102,1120,0
5176,1102,214,0
5177,1102,694,0
5178,1102,467,0
5179,1102,905,0
5180,1102,778,0
5181,1102,1172,0
5182,1102,1044,0
5183,1102,1297,0
5184,1102,1162,0
5185,1102,1346,0
5186,1102,600,0
5187,1102,1085,0
5188,1102,760,0
5189,1102,679,0
5190,1102,651,0
5191,1102,1201,0
5192,1102,803,0
5193,1102,641,0
5194,1102,501,0
5195,1102,1218,0
5196,1102,387,0
5197,1102,616,1
5198,1102,127,0
5199,1102,357,0
5200,1102,912,0
5201,1102,815,0
5202,1102,109,0
5203,1102,1187,0
5204,1102,1173,0
5205,1102,768,0
5206,1102,881,0
5207,1102,1192,0
5208,1102,1257,0
5209,1102,1056,0
5210,1102,308,0
5211,1102,93,0
5212,1102,252,0
5213,1102,419,0
5214,1102,177,0
5215,1102,539,0
5216,1102,1348,0
5217,1102,852,0
5218,1102,617,0
5219,1102,669,0
5220,1102,36,0
5221,1102,1324,0
5222,1102,1093,0
5223,1102,648,0
5224,1102,562,0
5225,1102,797,0
5226,1102,494,0
5227,1102,1263,0
5228,1102,579,0
5229,1102,189,0
5230,1102,962,0
5231,1102,1156,0
5232,1102,218,0
5233,1102,631,0
5234,1102,867,0
5235,1102,974,0
5236,1102,560,0
5237,1102,216,0
5238,1102,997,0
5239,1102,207,0
5240,1102,673,0
5241,1102,1310,0
5242,1102,459,1
5243,1102,371,1
5244,1102,1117,0
5245,1102,967,0
5246,1102,316,0
5247,1102,986,0
5248,1102,537,0
5249,1102,1222,0
5250,1102,1275,0
5251,1102,233,0
5252,1102,808,0
5253,1102,626,0
5254,1102,449,0
5255,1102,672,0
5256,1102,230,1
5257,1102,833,0
5258,1102,244,0
5259,1102,532,0
5260,1102,1027,0
5261,1102,472,0
5262,1102,759,0
5263,1102,1246,0
5264,1273,905,0
5265,1273,561,0
5266,1273,1019,0
5267,1273,149,0
5268,1273,1286,0
5269,1273,1322,0
5270,1273,392,0
5271,1273,1367,0
5272,1273,535,0
5273,1273,554,0
5274,1273,1012,0
5275,1273,710,0
5276,1273,824,0
5277,1273,303,0
5278,1273,1344,0
5279,1273,628,0
5280,1273,101,0
5281,1273,1037,0
5282,1273,442,0
5283,1273,359,0
5284,1273,1165,0
5285,1273,757,0
5286,1273,267,0
5287,1273,852,0
5288,1273,865,0
5289,1273,521,0
5290,1273,478,0
5291,1273,1212,0
5292,1273,998,0
5293,1273,951,0
5294,1273,587,0
5295,1273,566,0
5296,1273,1328,0
5297,1273,560,0
5298,1273,1119,0
5299,1273,966,0
5300,1273,338,0
5301,1273,306,0
5302,1273,256,0
5303,1273,756,0
5304,1273,1143,0
5305,1273,1053,0
5306,1273,454,0
5307,1273,748,0
5308,1273,32,0
5309,1273,226,0
5310,1273,1190,0
5311,1273,829,0
5312,1273,63,0
5313,1273,30,0
5314,1273,994,0
5315,1273,1126,0
5316,1273,530,0
5317,1273,1269,0
5318,1273,379,0
5319,1273,1106,0
5320,1273,646,0
5321,1273,1144,0
5322,1273,1123,0
5323,1273,1218,0
5324,1273,278,0
5325,1273,234,0
5326,1273,708,0
5327,1273,1132,0
5328,1273,837,0
5329,1273,483,0
5330,1273,604,0
5331,1273,1141,0
5332,1273,181,0
5333,1273,1130,0
5334,1273,575,0
5335,1273,819,0
5336,1273,1379,0
5337,1273,675,0
5338,1273,212,0
5339,1273,1291,0
5340,1273,1022,0
5341,1273,1209,0
5342,1273,821,0
5343,1273,1381,0
5344,1273,398,0
5345,1273,312,0
5346,1273,192,0
5347,1273,1098,0
5348,1273,775,0
5349,1273,1240,0
5350,1273,435,0
5351,1273,517,0
5352,1273,277,0
5353,1273,313,0
5354,1273,926,0
5355,1273,387,0
5356,1273,1029,0
5357,1273,316,0
5358,1273,957,0
5359,1273,585,0
5360,1273,1020,0
5361,1273,880,0
5362,1273,393,0
5363,1273,383,0
5364,1273,1399,0
5365,1273,242,0
5366,1273,847,0
5367,1273,68,0
5368,1273,1397,0
5369,1273,672,0
5370,1273,594,0
5371,1273,113,0
5372,1273,169,0
5373,1273,1167,0
5374,1273,932,0
5375,1273,361,0
5376,1273,754,0
5377,1273,1353,0
5378,1273,72,0
5379,1273,334,0
5380,1273,354,0
5381,1273,1295,0
5382,1273,363,0
5383,1273,1235,0
5384,1273,1024,0
5385,1273,355,0
5386,1273,1204,0
5387,1273,1260,0
5388,1273,1023,0
5389,1273,314,0
5390,1273,127,0
5391,1273,639,0
5392,1273,85,0
5393,1273,146,0
5394,1273,124,0
5395,1273,831,0
5396,1273,848,0
5397,1273,509,0
5398,1273,660,0
5399,1273,863,0
5400,1273,1217,0
5401,1273,893,0
5402,1273,1172,0
5403,1273,500,0
5404,1273,1232,0
5405,1273,1337,0
5406,1273,1357,0
5407,1273,1378,0
5408,1273,1348,0
5409,1273,31,0
5410,1273,459,0
5411,1273,954,0
5412,1273,285,0
5413,1273,1102,0
5414,1273,686,0
5415,1273,1061,0
5416,1273,1118,0
5417,1273,422,0
5418,1273,1254,0
5419,1273,207,0
5420,1273,723,0
5421,1273,1160,0
5422,1273,1060,0
5423,1273,1374,0
5424,1273,64,0
5425,1273,104,0
5426,1273,434,0
5427,1273,654,0
5428,1273,1247,0
5429,1273,34,0
5430,1273,834,0
5431,1273,100,0
5432,1273,323,0
5433,1273,917,0
5434,1273,1394,0
5435,1273,220,0
5436,1273,620,0
5437,1273,254,0
5438,1273,770,0
5439,1273,60,0
5440,1273,368,0
5441,1273,224,0
5442,1273,977,0
5443,1273,787,0
5444,1273,1287,0
5445,1273,106,0
5446,1273,622,0
5447,1273,716,0
5448,1273,1284,0
5449,1273,714,0
5450,1273,112,0
5451,1273,1349,0
5452,1329,638,0
5453,1329,1053,0
5454,1329,1353,0
5455,1329,668,1
5456,1329,416,0
5457,1329,1190,0
5458,1329,1279,0
5459,1329,290,0
5460,1329,20,1
5461,1329,659,0
5462,1329,56,0
5463,1329,757,0
5464,1329,509,0
5465,1329,1242,0
5466,1329,121,0
5467,1329,630,1
5468,1329,1114,0
5469,1329,844,0
5470,1329,1314,1
5471,1329,1358,1
5472,1329,473,0
5473,1329,1186,0
5474,1329,97,0
5475,1329,265,0
5476,1329,141,0
5477,1329,1206,0
5478,1329,831,0
5479,1329,1202,0
5480,1329,854,0
5481,1329,192,0
5482,1329,389,0
5483,1329,1121,1
5484,1329,123,0
5485,1329,948,0
5486,1329,689,0
5487,1329,644,0
5488,1329,600,1
5489,1329,1379,0
5490,1329,581,0
5491,1329,895,0
5492,1329,1218,0
5493,1329,1404,0
5494,1329,530,0
5495,1329,19,0
5496,1329,1305,0
5497,1329,1360,0
5498,1329,666,0
5499,1329,1077,0
5500,1329,367,0
5501,1329,1175,0
5502,1329,410,0
5503,1329,796,0
5504,1329,913,0
5505,1329,1029,0
5506,1329,1030,0
5507,1329,1294,0
5508,1329,1095,0
5509,1329,904,0
5510,1329,369,0
5511,1329,173,0
5512,1329,959,0
5513,1329,1296,1
5514,1329,1126,0
5515,1329,585,0
5516,1329,1016,0
5517,1329,36,0
5518,1329,1348,0
5519,1329,51,0
5520,1329,347,0
5521,1329,1100,0
5522,1329,1271,0
5523,1329,1403,0
5524,1329,809,0
5525,1329,147,0
5526,1329,289,0
5527,1329,1098,1
5528,1329,1263,0
5529,1329,712,0
5530,1329,567,0
5531,1329,860,0
5532,1329,715,0
5533,1329,971,0
5534,1329,324,0
5535,1329,1199,0
5536,1329,394,1
5537,1329,244,0
5538,1329,291,0
5539,1329,919,0
5540,1329,1024,0
5541,1329,556,0
5542,1329,780,0
5543,1329,114,0
5544,1329,447,0
5545,1329,533,0
5546,1329,432,0
5547,1329,155,0
5548,1329,907,0
5549,1329,1350,0
5550,1329,487,1
5551,1329,921,0
5552,1329,772,0
5553,1329,1057,0
5554,1329,1039,0
5555,1329,636,1
5556,1329,162,0
5557,1329,637,0
5558,1329,983,0
5559,1329,1402,0
5560,1329,687,0
5561,1329,307,0
5562,1329,1342,0
5563,1329,305,0
5564,1329,984,1
5565,1329,474,0
5566,1329,1325,0
5567,1329,1088,0
5568,1329,226,0
5569,1329,3,0
5570,1329,679,0
5571,1329,906,0
5572,1329,1032,0
5573,1329,952,0
5574,1329,1388,0
5575,1329,396,0
5576,1329,377,0
5577,1329,1313,0
5578,1329,1217,0
5579,1329,295,0
5580,1329,164,0
5581,1329,1231,0
5582,1329,1321,1
5583,1329,227,0
5584,1329,612,0
5585,1329,1177,0
5586,1329,356,0
5587,1329,385,1
5588,1329,519,0
5589,1329,580,0
5590,1329,561,0
5591,1329,969,0
5592,1329,284,0
5593,1329,765,0
5594,1329,1317,0
5595,1329,843,1
5596,1329,602,0
5597,1329,513,0
5598,1329,908,0
5599,1329,808,0
5600,1329,524,0
5601,1329,1145,0
5602,1329,459,0
5603,1329,2,0
5604,1329,187,0
5605,1329,1391,0
5606,1329,59,0
5607,1329,966,0
5608,1329,1203,0
5609,1329,346,1
5610,1329,616,0
5611,1329,1315,0
5612,1329,11,1
5613,1329,722,0
5614,1329,351,1
5615,1329,100,0
5616,1329,891,0
5617,1329,1050,0
5618,1329,412,0
5619,1329,811,0
5620,1329,395,0
5621,1329,995,0
5622,1329,690,0
5623,1329,300,0
5624,1329,354,0
5625,1329,421,1
5626,1329,492,0
5627,1329,651,0
5628,1329,1371,0
5629,1329,1393,0
5630,1329,967,0
5631,1329,1182,0
5632,1329,606,0
5633,1329,1289,0
5634,1329,1406,0
5635,1329,632,0
5636,1329,375,0
5637,1329,1165,0
5638,1329,525,0
5639,1329,139,0
5640,1344,1032,0
5641,1344,1278,0
5642,1344,468,0
5643,1344,763,0
5644,1344,552,0
5645,1344,857,0
5646,1344,429,0
5647,1344,1018,0
5648,1344,446,0
5649,1344,792,0
5650,1344,1271,0
5651,1344,1042,0
5652,1344,1030,0
5653,1344,671,0
5654,1344,548,0
5655,1344,1008,0
5656,1344,507,0
5657,1344,1388,0
5658,1344,1282,0
5659,1344,1268,0
5660,1344,491,0
5661,1344,1046,1
5662,1344,215,0
5663,1344,1149,0
5664,1344,1074,0
5665,1344,1228,0
5666,1344,505,0
5667,1344,1089,0
5668,1344,707,0
5669,1344,1144,0
5670,1344,657,0
5671,1344,952,0
5672,1344,1306,0
5673,1344,562,0
5674,1344,1386,0
5675,1344,1312,0
5676,1344,81,0
5677,1344,829,0
5678,1344,934,0
5679,1344,986,1
5680,1344,1383,0
5681,1344,817,0
5682,1344,1393,0
5683,1344,399,0
5684,1344,80,0
5685,1344,810,0
5686,1344,1390,0
5687,1344,637,0
5688,1344,561,0
5689,1344,945,0
5690,1344,992,0
5691,1344,1398,0
5692,1344,1253,0
5693,1344,739,0
5694,1344,1073,0
5695,1344,417,0
5696,1344,927,0
5697,1344,102,0
5698,1344,244,0
5699,1344,1092,0
5700,1344,64,0
5701,1344,559,0
5702,1344,302,0
5703,1344,411,0
5704,1344,770,0
5705,1344,1077,0
5706,1344,36,0
5707,1344,1071,0
5708,1344,245,0
5709,1344,240,0
5710,1344,279,0
5711,1344,261,0
5712,1344,598,1
5713,1344,545,0
5714,1344,441,0
5715,1344,459,0
5716,1344,1136,0
5717,1344,1036,0
5718,1344,612,0
5719,1344,985,0
5720,1344,620,0
5721,1344,1093,0
5722,1344,288,0
5723,1344,1151,1
5724,1344,154,1
5725,1344,371,0
5726,1344,1263,0
5727,1344,846,0
5728,1344,1364,0
5729,1344,1213,0
5730,1344,500,0
5731,1344,512,0
5732,1344,914,0
5733,1344,320,0
5734,1344,301,0
5735,1344,584,0
5736,1344,1334,0
5737,1344,1229,0
5738,1344,1125,0
5739,1344,1123,1
5740,1344,626,0
5741,1344,1158,0
5742,1344,185,0
5743,1344,1206,0
5744,1344,1291,0
5745,1344,252,0
5746,1344,723,0
5747,1344,1162,0
5748,1344,686,0
5749,1344,382,0
5750,1344,648,0
5751,1344,200,0
5752,1344,1111,0
5753,1344,91,0
5754,1344,493,0
5755,1344,67,1
5756,1344,1098,0
5757,1344,1286,0
5758,1344,1173,0
5759,1344,1381,0
5760,1344,1174,0
5761,1344,868,0
5762,1344,503,0
5763,1344,1189,0
5764,1344,565,0
5765,1344,175,0
5766,1344,746,0
5767,1344,697,0
5768,1344,589,0
5769,1344,715,0
5770,1344,225,1
5771,1344,394,0
5772,1344,137,0
5773,1344,460,0
5774,1344,327,0
5775,1344,1283,0
5776,1344,688,0
5777,1344,640,0
5778,1344,243,0
5779,1344,582,0
5780,1344,1295,0
5781,1344,345,0
5782,1344,368,0
5783,1344,586,0
5784,1344,118,0
5785,1344,108,0
5786,1344,1113,0
5787,1344,318,1
5788,1344,1006,0
5789,1344,149,0
5790,1344,251,0
5791,1344,427,0
5792,1344,1222,0
5793,1344,844,0
5794,1344,1372,0
5795,1344,1148,0
5796,1344,1342,0
5797,1344,878,0
5798,1344,665,0
5799,1344,391,0
5800,1344,1137,0
5801,1344,425,0
5802,1344,1248,0
5803,1344,882,0
5804,1344,54,0
5805,1344,563,0
5806,1344,663,0
5807,1344,1045,0
5808,1344,377,0
5809,1344,1191,0
5810,1344,48,0
5811,1344,1186,0
5812,1344,1031,0
5813,1344,387,0
5814,1344,1338,0
5815,1344,1257,0
5816,1344,1105,0
5817,1344,1357,0
5818,1344,171,0
5819,1344,856,0
5820,1344,494,0
5821,1344,1211,0
5822,1344,136,0
5823,1344,408,0
5824,1344,681,0
5825,1344,721,0
5826,1344,1237,0
5827,1344,818,0
5828,1364,850,0
5829,1364,370,0
5830,1364,632,0
5831,1364,842,0
5832,1364,1240,0
5833,1364,317,0
5834,1364,27,0
5835,1364,222,0
5836,1364,57,1
5837,1364,1288,0
5838,1364,660,0
5839,1364,1207,0
5840,1364,1121,0
5841,1364,1144,0
5842,1364,1154,0
5843,1364,1396,0
5844,1364,761,0
5845,1364,115,0
5846,1364,1123,0
5847,1364,103,0
5848,1364,393,0
5849,1364,87,0
5850,1364,346,0
5851,1364,506,0
5852,1364,262,0
5853,1364,1051,0
5854,1364,356,0
5855,1364,1019,0
5856,1364,507,0
5857,1364,436,0
5858,1364,1252,0
5859,1364,853,0
5860,1364,537,0
5861,1364,1409,0
5862,1364,288,0
5863,1364,954,0
5864,1364,587,0
5865,1364,751,0
5866,1364,199,0
5867,1364,22,0
5868,1364,738,0
5869,1364,396,0
5870,1364,525,0
5871,1364,1108,0
5872,1364,609,0
5873,1364,933,0
5874,1364,868,0
5875,1364,338,0
5876,1364,1266,0
5877,1364,111,0
5878,1364,903,0
5879,1364,817,0
5880,1364,891,0
5881,1364,433,0
5882,1364,703,0
5883,1364,1101,0
5884,1364,161,0
5885,1364,959,0
5886,1364,1072,0
5887,1364,1392,0
5888,1364,1027,0
5889,1364,832,0
5890,1364,826,0
5891,1364,1198,0
5892,1364,1126,0
5893,1364,498,0
5894,1364,585,0
5895,1364,866,0
5896,1364,1381,0
5897,1364,428,0
5898,1364,1363,0
5899,1364,816,0
5900,1364,491,0
5901,1364,964,0
5902,1364,858,0
5903,1364,294,0
5904,1364,186,0
5905,1364,1328,0
5906,1364,1199,0
5907,1364,310,0
5908,1364,890,0
5909,1364,1086,0
5910,1364,530,0
5911,1364,1239,0
5912,1364,89,0
5913,1364,0,0
5914,1364,772,0
5915,1364,450,0
5916,1364,449,0
5917,1364,1389,0
5918,1364,942,0
5919,1364,470,0
5920,1364,282,0
5921,1364,130,0
5922,1364,810,0
5923,1364,935,0
5924,1364,1366,0
5925,1364,45,0
5926,1364,372,0
5927,1364,1148,0
5928,1364,126,0
5929,1364,982,0
5930,1364,913,0
5931,1364,796,0
5932,1364,335,0
5933,1364,857,0
5934,1364,681,0
5935,1364,98,0
5936,1364,20,0
5937,1364,489,0
5938,1364,520,1
5939,1364,596,0
5940,1364,1095,0
5941,1364,1065,0
5942,1364,1143,0
5943,1364,214,0
5944,1364,444,0
5945,1364,49,0
5946,1364,487,0
5947,1364,1057,0
5948,1364,851,0
5949,1364,909,0
5950,1364,1015,0
5951,1364,1025,0
5952,1364,147,0
5953,1364,661,0
5954,1364,377,0
5955,1364,973,0
5956,1364,563,0
5957,1364,412,0
5958,1364,1196,0
5959,1364,1331,0
5960,1364,143,0
5961,1364,359,0
5962,1364,686,0
5963,1364,405,0
5964,1364,267,0
5965,1364,867,0
5966,1364,641,0
5967,1364,1272,0
5968,1364,788,0
5969,1364,766,0
5970,1364,313,0
5971,1364,1367,0
5972,1364,1295,0
5973,1364,1179,0
5974,1364,735,0
5975,1364,453,0
5976,1364,1113,0
5977,1364,821,0
5978,1364,205,0
5979,1364,1024,0
5980,1364,577,0
5981,1364,128,0
5982,1364,127,0
5983,1364,1098,0
5984,1364,1038,0
5985,1364,490,0
5986,1364,37,0
5987,1364,511,0
5988,1364,1045,0
5989,1364,1012,0
5990,1364,40,0
5991,1364,77,0
5992,1364,698,0
5993,1364,1338,0
5994,1364,1282,0
5995,1364,188,0
5996,1364,869,0
5997,1364,51,0
5998,1364,4,0
5999,1364,1149,0
6000,1364,967,0
6001,1364,798,0
6002,1364,244,0
6003,1364,1379,0
6004,1364,1076,0
6005,1364,1085,0
6006,1364,1209,0
6007,1364,406,0
6008,1364,1251,0
6009,1364,36,0
6010,1364,351,0
6011,1364,926,0
6012,1364,849,0
6013,1364,177,0
6014,1364,166,0
6015,1364,920,0
6016,1371,590,0
6017,1371,869,1
6018,1371,35,1
6019,1371,1181,0
6020,1371,1060,0
6021,1371,1207,0
6022,1371,440,1
6023,1371,866,0
6024,1371,833,1
6025,1371,197,1
6026,1371,603,0
6027,1371,141,0
6028,1371,1107,1
6029,1371,713,0
6030,1371,1064,1
6031,1371,1254,0
6032,1371,1242,0
6033,1371,117,0
6034,1371,639,0
6035,1371,2,0
6036,1371,58,0
6037,1371,1366,1
6038,1371,114,0
6039,1371,705,1
6040,1371,429,0
6041,1371,182,0
6042,1371,346,0
6043,1371,741,0
6044,1371,371,0
6045,1371,797,1
6046,1371,613,1
6047,1371,989,1
6048,1371,1258,0
6049,1371,1087,1
6050,1371,253,0
6051,1371,120,0
6052,1371,1152,0
6053,1371,247,0
6054,1371,737,0
6055,1371,946,1
6056,1371,411,0
6057,1371,29,0
6058,1371,534,0
6059,1371,1313,1
6060,1371,1394,1
6061,1371,731,0
6062,1371,510,1
6063,1371,537,0
6064,1371,377,0
6065,1371,1120,0
6066,1371,711,0
6067,1371,564,1
6068,1371,1356,0
6069,1371,936,0
6070,1371,570,1
6071,1371,200,0
6072,1371,703,0
6073,1371,874,0
6074,1371,919,0
6075,1371,1276,0
6076,1371,203,1
6077,1371,1352,1
6078,1371,958,0
6079,1371,685,1
6080,1371,208,1
6081,1371,291,1
6082,1371,709,0
6083,1371,716,0
6084,1371,844,0
6085,1371,1030,1
6086,1371,1015,0
6087,1371,798,1
6088,1371,104,0
6089,1371,656,1
6090,1371,634,1
6091,1371,949,0
6092,1371,1270,0
6093,1371,1275,0
6094,1371,202,0
6095,1371,1348,0
6096,1371,1187,0
6097,1371,210,1
6098,1371,156,0
6099,1371,1154,1
6100,1371,175,1
6101,1371,873,0
6102,1371,1019,1
6103,1371,649,1
6104,1371,404,0
6105,1371,415,0
6106,1371,977,1
6107,1371,921,0
6108,1371,1302,0
6109,1371,641,1
6110,1371,617,0
6111,1371,684,1
6112,1371,957,0
6113,1371,17,0
6114,1371,934,0
6115,1371,1048,0
6116,1371,807,0
6117,1371,516,0
6118,1371,1190,0
6119,1371,671,0
6120,1371,1325,0
6121,1371,994,0
6122,1371,747,0
6123,1371,854,0
6124,1371,467,1
6125,1371,536,1
6126,1371,1211,0
6127,1371,902,0
6128,1371,824,1
6129,1371,155,0
6130,1371,678,1
6131,1371,991,0
6132,1371,484,0
6133,1371,761,0
6134,1371,1127,1
6135,1371,799,1
6136,1371,787,0
6137,1371,1278,1
6138,1371,1103,0
6139,1371,119,0
6140,1371,974,0
6141,1371,91,0
6142,1371,753,0
6143,1371,1287,1
6144,1371,1073,0
6145,1371,660,1
6146,1371,222,0
6147,1371,309,0
6148,1371,139,0
6149,1371,826,0
6150,1371,1047,1
6151,1371,94,0
6152,1371,1282,1
6153,1371,491,1
6154,1371,1225,0
6155,1371,951,0
6156,1371,1393,0
6157,1371,1398,0
6158,1371,493,1
6159,1371,831,1
6160,1371,267,0
6161,1371,340,0
6162,1371,113,0
6163,1371,1387,1
6164,1371,1093,0
6165,1371,241,0
6166,1371,680,1
6167,1371,384,0
6168,1371,615,0
6169,1371,227,0
6170,1371,1202,0
6171,1371,441,0
6172,1371,923,0
6173,1371,1329,0
6174,1371,50,0
6175,1371,545,0
6176,1371,819,0
6177,1371,1263,0
6178,1371,752,1
6179,1371,725,0
6180,1371,1346,1
6181,1371,1228,0
6182,1371,892,0
6183,1371,962,1
6184,1371,249,0
6185,1371,668,0
6186,1371,1056,0
6187,1371,326,0
6188,1371,702,0
6189,1371,67,1
6190,1371,822,0
6191,1371,1360,0
6192,1371,488,1
6193,1371,767,0
6194,1371,939,1
6195,1371,589,1
6196,1371,1227,0
6197,1371,953,0
6198,1371,890,1
6199,1371,9,1
6200,1371,390,0
6201,1371,1162,0
6202,1371,1238,0
6203,1371,194,1
6204,380,973,0
6205,380,458,0
6206,380,91,0
6207,380,1055,0
6208,380,775,0
6209,380,11,0
6210,380,205,0
6211,380,727,0
6212,380,1266,0
6213,380,1354,0
6214,380,423,0
6215,380,349,0
6216,380,415,0
6217,380,1110,0
6218,380,424,0
6219,380,1297,0
6220,380,948,0
6221,380,464,0
6222,380,1121,0
6223,380,1249,0
6224,380,950,0
6225,380,756,0
6226,380,1167,0
6227,380,694,0
6228,380,701,0
6229,380,330,0
6230,380,14,0
6231,380,367,0
6232,380,581,0
6233,380,214,0
6234,380,1035,0
6235,380,1350,0
6236,380,310,0
6237,380,1228,0
6238,380,612,0
6239,380,1093,0
6240,380,61,0
6241,380,547,0
6242,380,955,0
6243,380,274,0
6244,380,1138,0
6245,380,1314,0
6246,380,1265,0
6247,380,632,0
6248,380,794,0
6249,380,590,0
6250,380,237,0
6251,380,1366,0
6252,380,50,0
6253,380,751,0
6254,380,807,0
6255,380,1385,0
6256,380,593,0
6257,380,796,0
6258,380,1246,0
6259,380,1361,0
6260,380,331,0
6261,380,358,0
6262,380,1083,0
6263,380,903,0
6264,380,1155,0
6265,380,886,0
6266,380,927,0
6267,380,517,0
6268,380,781,0
6269,380,1199,0
6270,380,398,0
6271,380,634,0
6272,380,1395,0
6273,380,966,0
6274,380,1372,0
6275,380,1270,0
6276,380,561,0
6277,380,643,0
6278,380,970,0
6279,380,72,0
6280,380,641,0
6281,380,1012,0
6282,380,982,0
6283,380,985,0
6284,380,1310,0
6285,380,599,0
6286,380,535,0
6287,380,680,0
6288,380,802,0
6289,380,685,0
6290,380,1004,0
6291,380,103,0
6292,380,384,0
6293,380,336,0
6294,380,566,0
6295,380,1365,0
6296,380,951,0
6297,380,267,0
6298,380,1057,0
6299,380,1369,0
6300,380,328,0
6301,380,1103,0
6302,380,1079,0
6303,380,1170,0
6304,380,443,0
6305,380,362,0
6306,380,987,0
6307,380,272,0
6308,380,74,0
6309,380,1343,0
6310,380,533,0
6311,380,1275,0
6312,380,1077,0
6313,380,1087,0
6314,380,908,0
6315,380,1140,0
6316,380,686,0
6317,380,1086,0
6318,380,346,0
6319,380,755,0
6320,380,693,0
6321,380,610,0
6322,380,919,0
6323,380,419,0
6324,380,1223,0
6325,380,1130,0
6326,380,736,0
6327,380,784,0
6328,380,887,0
6329,380,142,0
6330,380,494,0
6331,380,243,0
6332,380,726,0
6333,380,1358,0
6334,380,971,0
6335,380,681,0
6336,380,536,0
6337,380,712,0
6338,380,980,0
6339,380,36,0
6340,380,576,0
6341,380,81,0
6342,380,526,0
6343,380,255,0
6344,380,789,0
6345,380,434,0
6346,380,139,0
6347,380,939,0
6348,380,902,0
6349,380,1054,0
6350,380,1334,0
6351,380,793,0
6352,380,305,0
6353,380,218,0
6354,380,94,0
6355,380,75,0
6356,380,1101,0
6357,380,1197,0
6358,380,780,0
6359,380,608,0
6360,380,284,0
6361,380,613,0
6362,380,720,0
6363,380,1011,0
6364,380,845,0
6365,380,866,0
6366,380,851,0
6367,380,1348,0
6368,380,324,0
6369,380,158,0
6370,380,629,0
6371,380,313,0
6372,380,241,0
6373,380,430,0
6374,380,227,0
6375,380,92,0
6376,380,109,0
6377,380,619,0
6378,380,402,0
6379,380,1067,0
6380,380,5,0
6381,380,164,0
6382,380,1276,0
6383,380,1214,0
6384,380,1111,0
6385,380,806,0
6386,380,1380,0
6387,380,1322,0
6388,380,356,0
6389,380,988,0
6390,380,645,0
6391,380,1024,0
